Depth profiles at each cell, TRIGRS, v. 2.1.00a
Finite-depth no-flow boundary
Cell Number, Slope angle, Step#, Time
Z         P      Pzero     Ptran      Pbeta       FS
cell            1  16.7           1   172800.00    
  0.0000       0.0000      -1.0761       1.2068       0.0000       10.000    
 0.20000      0.85364E-01 -0.93265       1.0180      0.14348       4.7403    
 0.40000      0.62390E-01 -0.78917      0.85156      0.28697       3.6022    
 0.60000      0.61392E-01 -0.64568      0.70707      0.43045       3.1813    
 0.80000      0.81827E-01 -0.50220      0.58402      0.57394       2.9405    
  1.0000      0.12302     -0.35871      0.48173      0.71742       2.7725    
  1.2000      0.18421     -0.21523      0.39943      0.86091       2.6416    
  1.4000      0.26464     -0.71742E-01  0.33638       1.0044       2.5326    
  1.6000      0.36364      0.71742E-01  0.29190       1.1479       2.4376    
  1.8000      0.48066      0.21523      0.26544       1.2914       2.3524    
  2.0000      0.61537      0.35871      0.25666       1.4348       2.2742    
cell            1  16.7           2   216000.00    
  0.0000       0.0000      -1.0761       1.3606       0.0000       10.000    
 0.20000      0.14348     -0.93265       1.1712      0.14348       4.4109    
 0.40000      0.21378     -0.78917       1.0029      0.28697       3.1733    
 0.60000      0.21001     -0.64568      0.85569      0.43045       2.9006    
 0.80000      0.22696     -0.50220      0.72916      0.57394       2.7349    
  1.0000      0.26428     -0.35871      0.62299      0.71742       2.6124    
  1.2000      0.32160     -0.21523      0.53683      0.86091       2.5119    
  1.4000      0.39855     -0.71742E-01  0.47029       1.0044       2.4242    
  1.6000      0.49478      0.71742E-01  0.42304       1.1479       2.3447    
  1.8000      0.61003      0.21523      0.39480       1.2914       2.2710    
  2.0000      0.74412      0.35871      0.38541       1.4348       2.2013    
cell            2  11.3           1   172800.00    
  0.0000       0.0000      -1.1424       1.1774       0.0000       10.000    
 0.20000     -0.12754E-02 -0.99009      0.98881      0.15232       7.6440    
 0.40000     -0.14928E-01 -0.83777      0.82284      0.30464       5.5741    
 0.60000     -0.63359E-02 -0.68544      0.67911      0.45696       4.8841    
 0.80000      0.23886E-01 -0.53312      0.55701      0.60928       4.4907    
  1.0000      0.74965E-01 -0.38080      0.45577      0.76161       4.2105    
  1.2000      0.14604     -0.22848      0.37452      0.91393       3.9966    
  1.4000      0.23626     -0.76161E-01  0.31242       1.0662       3.8217    
  1.6000      0.34485      0.76161E-01  0.26869       1.2186       3.6718    
  1.8000      0.47120      0.22848      0.24272       1.3709       3.5392    
  2.0000      0.61490      0.38080      0.23410       1.5232       3.4191    
cell            2  11.3           2   216000.00    
  0.0000       0.0000      -1.1424       1.3260       0.0000       10.000    
 0.20000      0.14659     -0.99009       1.1367      0.15232       6.4542    
 0.40000      0.13098     -0.83777      0.96875      0.30464       5.0425    
 0.60000      0.13653     -0.68544      0.82197      0.45696       4.5148    
 0.80000      0.16291     -0.53312      0.69604      0.60928       4.2086    
  1.0000      0.20974     -0.38080      0.59054      0.76161       3.9917    
  1.2000      0.27656     -0.22848      0.50504      0.91393       3.8200    
  1.4000      0.36295     -0.76161E-01  0.43911       1.0662       3.6748    
  1.6000      0.46849      0.76161E-01  0.39233       1.2186       3.5464    
  1.8000      0.59288      0.22848      0.36440       1.3709       3.4295    
  2.0000      0.73592      0.38080      0.35511       1.5232       3.3209    
cell            3  12.0           1   172800.00    
  0.0000       0.0000      -1.1352       1.1805       0.0000       10.000    
 0.20000      0.80893E-02 -0.98380      0.99189      0.15135       7.1436    
 0.40000     -0.65834E-02 -0.83245      0.82587      0.30271       5.2499    
 0.60000      0.95837E-03 -0.68110      0.68205      0.45406       4.5956    
 0.80000      0.30109E-01 -0.52974      0.55985      0.60542       4.2143    
  1.0000      0.80104E-01 -0.37839      0.45849      0.75677       3.9536    
  1.2000      0.15010     -0.22703      0.37713      0.90813       3.7543    
  1.4000      0.23925     -0.75677E-01  0.31492       1.0595       3.5909    
  1.6000      0.34679      0.75677E-01  0.27111       1.2108       3.4507    
  1.8000      0.47211      0.22703      0.24508       1.3622       3.3265    
  2.0000      0.61483      0.37839      0.23645       1.5135       3.2139    
cell            3  12.0           2   216000.00    
  0.0000       0.0000      -1.1352       1.3296       0.0000       10.000    
 0.20000      0.15135     -0.98380       1.1403      0.15135       6.0449    
 0.40000      0.13990     -0.83245      0.97235      0.30271       4.7135    
 0.60000      0.14443     -0.68110      0.82552      0.45406       4.2288    
 0.80000      0.16977     -0.52974      0.69952      0.60542       3.9466    
  1.0000      0.21556     -0.37839      0.59394      0.75677       3.7459    
  1.2000      0.28134     -0.22703      0.50837      0.90813       3.5865    
  1.4000      0.36669     -0.75677E-01  0.44237       1.0595       3.4513    
  1.6000      0.47121      0.75677E-01  0.39554       1.2108       3.3314    
  1.8000      0.59460      0.22703      0.36757       1.3622       3.2222    
  2.0000      0.73666      0.37839      0.35827       1.5135       3.1204    
cell            4  15.8           1   172800.00    
  0.0000       0.0000      -1.0888       1.2010       0.0000       10.000    
 0.20000      0.68631E-01 -0.94362       1.0123      0.14517       5.1021    
 0.40000      0.47437E-01 -0.79845      0.84589      0.29035       3.8514    
 0.60000      0.48268E-01 -0.65328      0.70155      0.43552       3.3908    
 0.80000      0.70571E-01 -0.50810      0.57868      0.58069       3.1285    
  1.0000      0.11365     -0.36293      0.47658      0.72586       2.9464    
  1.2000      0.17672     -0.21776      0.39448      0.87104       2.8052    
  1.4000      0.25902     -0.72586E-01  0.33161       1.0162       2.6880    
  1.6000      0.35985      0.72586E-01  0.28727       1.1614       2.5862    
  1.8000      0.47866      0.21776      0.26090       1.3066       2.4952    
  2.0000      0.61508      0.36293      0.25215       1.4517       2.4120    
cell            4  15.8           2   216000.00    
  0.0000       0.0000      -1.0888       1.3537       0.0000       10.000    
 0.20000      0.14517     -0.94362       1.1644      0.14517       4.6465    
 0.40000      0.19773     -0.79845      0.99618      0.29035       3.4040    
 0.60000      0.19574     -0.65328      0.84902      0.43552       3.0981    
 0.80000      0.21449     -0.50810      0.72259      0.58069       2.9143    
  1.0000      0.25362     -0.36293      0.61655      0.72586       2.7798    
  1.2000      0.31276     -0.21776      0.53051      0.87104       2.6702    
  1.4000      0.39150     -0.72586E-01  0.46409       1.0162       2.5753    
  1.6000      0.48951      0.72586E-01  0.41692       1.1614       2.4898    
  1.8000      0.60650      0.21776      0.38874       1.3066       2.4107    
  2.0000      0.74230      0.36293      0.37937       1.4517       2.3362    
cell            5  16.7           1   172800.00    
  0.0000       0.0000      -1.0761       1.2068       0.0000       10.000    
 0.20000      0.85364E-01 -0.93265       1.0180      0.14348       4.7403    
 0.40000      0.62390E-01 -0.78917      0.85156      0.28697       3.6022    
 0.60000      0.61392E-01 -0.64568      0.70707      0.43045       3.1813    
 0.80000      0.81827E-01 -0.50220      0.58402      0.57394       2.9405    
  1.0000      0.12302     -0.35871      0.48173      0.71742       2.7725    
  1.2000      0.18421     -0.21523      0.39943      0.86091       2.6416    
  1.4000      0.26464     -0.71742E-01  0.33638       1.0044       2.5326    
  1.6000      0.36364      0.71742E-01  0.29190       1.1479       2.4376    
  1.8000      0.48066      0.21523      0.26544       1.2914       2.3524    
  2.0000      0.61537      0.35871      0.25666       1.4348       2.2742    
cell            5  16.7           2   216000.00    
  0.0000       0.0000      -1.0761       1.3606       0.0000       10.000    
 0.20000      0.14348     -0.93265       1.1712      0.14348       4.4109    
 0.40000      0.21378     -0.78917       1.0029      0.28697       3.1733    
 0.60000      0.21001     -0.64568      0.85569      0.43045       2.9006    
 0.80000      0.22696     -0.50220      0.72916      0.57394       2.7349    
  1.0000      0.26428     -0.35871      0.62299      0.71742       2.6124    
  1.2000      0.32160     -0.21523      0.53683      0.86091       2.5119    
  1.4000      0.39855     -0.71742E-01  0.47029       1.0044       2.4242    
  1.6000      0.49478      0.71742E-01  0.42304       1.1479       2.3447    
  1.8000      0.61003      0.21523      0.39480       1.2914       2.2710    
  2.0000      0.74412      0.35871      0.38541       1.4348       2.2013    
cell            6  19.5           1   172800.00    
  0.0000       0.0000      -1.0329       1.2273       0.0000       10.000    
 0.20000      0.13771     -0.89514       1.0384      0.13771       3.8227    
 0.40000      0.11422     -0.75743      0.87165      0.27543       2.9583    
 0.60000      0.10697     -0.61972      0.72669      0.41314       2.6433    
 0.80000      0.12104     -0.48200      0.60304      0.55086       2.4593    
  1.0000      0.15579     -0.34429      0.50008      0.68857       2.3285    
  1.2000      0.21054     -0.20657      0.41711      0.82629       2.2247    
  1.4000      0.28460     -0.68857E-01  0.35346      0.96400       2.1370    
  1.6000      0.37736      0.68857E-01  0.30850       1.1017       2.0595    
  1.8000      0.48830      0.20657      0.28173       1.2394       1.9893    
  2.0000      0.61713      0.34429      0.27285       1.3771       1.9243    
cell            6  19.5           2   216000.00    
  0.0000       0.0000      -1.0329       1.3848       0.0000       10.000    
 0.20000      0.13771     -0.89514       1.1954      0.13771       3.8227    
 0.40000      0.26953     -0.75743       1.0270      0.27543       2.5734    
 0.60000      0.25969     -0.61972      0.87941      0.41314       2.3909    
 0.80000      0.27050     -0.48200      0.75250      0.55086       2.2742    
  1.0000      0.30164     -0.34429      0.64593      0.68857       2.1839    
  1.2000      0.35278     -0.20657      0.55935      0.82629       2.1072    
  1.4000      0.42359     -0.68857E-01  0.49244      0.96400       2.0385    
  1.6000      0.51375      0.68857E-01  0.44490       1.1017       1.9750    
  1.8000      0.62304      0.20657      0.41647       1.2394       1.9151    
  2.0000      0.75130      0.34429      0.40701       1.3771       1.8578    
cell            7  19.5           1   172800.00    
  0.0000       0.0000      -1.0329       1.2273       0.0000       10.000    
 0.20000      0.13771     -0.89514       1.0384      0.13771       3.8227    
 0.40000      0.11422     -0.75743      0.87165      0.27543       2.9583    
 0.60000      0.10697     -0.61972      0.72669      0.41314       2.6433    
 0.80000      0.12104     -0.48200      0.60304      0.55086       2.4593    
  1.0000      0.15579     -0.34429      0.50008      0.68857       2.3285    
  1.2000      0.21054     -0.20657      0.41711      0.82629       2.2247    
  1.4000      0.28460     -0.68857E-01  0.35346      0.96400       2.1370    
  1.6000      0.37736      0.68857E-01  0.30850       1.1017       2.0595    
  1.8000      0.48830      0.20657      0.28173       1.2394       1.9893    
  2.0000      0.61713      0.34429      0.27285       1.3771       1.9243    
cell            7  19.5           2   216000.00    
  0.0000       0.0000      -1.0329       1.3848       0.0000       10.000    
 0.20000      0.13771     -0.89514       1.1954      0.13771       3.8227    
 0.40000      0.26953     -0.75743       1.0270      0.27543       2.5734    
 0.60000      0.25969     -0.61972      0.87941      0.41314       2.3909    
 0.80000      0.27050     -0.48200      0.75250      0.55086       2.2742    
  1.0000      0.30164     -0.34429      0.64593      0.68857       2.1839    
  1.2000      0.35278     -0.20657      0.55935      0.82629       2.1072    
  1.4000      0.42359     -0.68857E-01  0.49244      0.96400       2.0385    
  1.6000      0.51375      0.68857E-01  0.44490       1.1017       1.9750    
  1.8000      0.62304      0.20657      0.41647       1.2394       1.9151    
  2.0000      0.75130      0.34429      0.40701       1.3771       1.8578    
cell            8  19.5           1   172800.00    
  0.0000       0.0000      -1.0329       1.2273       0.0000       10.000    
 0.20000      0.13771     -0.89514       1.0384      0.13771       3.8227    
 0.40000      0.11422     -0.75743      0.87165      0.27543       2.9583    
 0.60000      0.10697     -0.61972      0.72669      0.41314       2.6433    
 0.80000      0.12104     -0.48200      0.60304      0.55086       2.4593    
  1.0000      0.15579     -0.34429      0.50008      0.68857       2.3285    
  1.2000      0.21054     -0.20657      0.41711      0.82629       2.2247    
  1.4000      0.28460     -0.68857E-01  0.35346      0.96400       2.1370    
  1.6000      0.37736      0.68857E-01  0.30850       1.1017       2.0595    
  1.8000      0.48830      0.20657      0.28173       1.2394       1.9893    
  2.0000      0.61713      0.34429      0.27285       1.3771       1.9243    
cell            8  19.5           2   216000.00    
  0.0000       0.0000      -1.0329       1.3848       0.0000       10.000    
 0.20000      0.13771     -0.89514       1.1954      0.13771       3.8227    
 0.40000      0.26953     -0.75743       1.0270      0.27543       2.5734    
 0.60000      0.25969     -0.61972      0.87941      0.41314       2.3909    
 0.80000      0.27050     -0.48200      0.75250      0.55086       2.2742    
  1.0000      0.30164     -0.34429      0.64593      0.68857       2.1839    
  1.2000      0.35278     -0.20657      0.55935      0.82629       2.1072    
  1.4000      0.42359     -0.68857E-01  0.49244      0.96400       2.0385    
  1.6000      0.51375      0.68857E-01  0.44490       1.1017       1.9750    
  1.8000      0.62304      0.20657      0.41647       1.2394       1.9151    
  2.0000      0.75130      0.34429      0.40701       1.3771       1.8578    
cell            9  23.0           1   172800.00    
  0.0000      -1.0240      -1.2707      0.24672       0.0000       10.000    
 0.20000     -0.85512      -1.1013      0.24615      0.16943       6.4707    
 0.40000     -0.68620     -0.93184      0.24564      0.33885       3.9431    
 0.60000     -0.51722     -0.76242      0.24519      0.50828       3.1006    
 0.80000     -0.34819     -0.59299      0.24480      0.67770       2.6793    
  1.0000     -0.17909     -0.42356      0.24447      0.84713       2.4266    
  1.2000     -0.99369E-02 -0.25414      0.24420       1.0166       2.2581    
  1.4000      0.15928     -0.84713E-01  0.24399       1.1860       2.0530    
  1.6000      0.32855      0.84713E-01  0.24384       1.3554       1.8946    
  1.8000      0.49789      0.25414      0.24375       1.5248       1.7714    
  2.0000      0.66729      0.42356      0.24372       1.6943       1.6728    
cell            9  23.0           2   216000.00    
  0.0000       0.0000      -1.2707       19.201       0.0000       10.000    
 0.20000      0.16943      -1.1013       19.029      0.16943       5.8403    
 0.40000      0.33885     -0.93184       18.876      0.33885       3.3127    
 0.60000      0.50828     -0.76242       18.740      0.50828       2.4702    
 0.80000      0.67770     -0.59299       18.623      0.67770       2.0489    
  1.0000      0.84713     -0.42356       18.524      0.84713       1.7962    
  1.2000       1.0166     -0.25414       18.442       1.0166       1.6277    
  1.4000       1.1860     -0.84713E-01   18.379       1.1860       1.5073    
  1.6000       1.3554      0.84713E-01   18.334       1.3554       1.4170    
  1.8000       1.5248      0.25414       18.307       1.5248       1.3468    
  2.0000       1.6943      0.42356       18.298       1.6943       1.2906    
cell           10  21.8           1   172800.00    
  0.0000      -1.0503      -1.2928      0.24253       0.0000       10.000    
 0.20000     -0.87849      -1.1205      0.24196      0.17238       6.7753    
 0.40000     -0.70662     -0.94807      0.24145      0.34475       4.1388    
 0.60000     -0.53469     -0.77570      0.24100      0.51713       3.2599    
 0.80000     -0.36271     -0.60332      0.24061      0.68951       2.8205    
  1.0000     -0.19066     -0.43094      0.24028      0.86189       2.5569    
  1.2000     -0.18553E-01 -0.25857      0.24001       1.0343       2.3811    
  1.4000      0.15361     -0.86189E-01  0.23980       1.2066       2.1704    
  1.6000      0.32584      0.86189E-01  0.23965       1.3790       2.0033    
  1.8000      0.49813      0.25857      0.23956       1.5514       1.8733    
  2.0000      0.67048      0.43094      0.23953       1.7238       1.7693    
cell           10  21.8           2   216000.00    
  0.0000       0.0000      -1.2928       18.882       0.0000       10.000    
 0.20000      0.17238      -1.1205       18.711      0.17238       6.1062    
 0.40000      0.34475     -0.94807       18.557      0.34475       3.4697    
 0.60000      0.51713     -0.77570       18.422      0.51713       2.5909    
 0.80000      0.68951     -0.60332       18.305      0.68951       2.1515    
  1.0000      0.86189     -0.43094       18.205      0.86189       1.8878    
  1.2000       1.0343     -0.25857       18.124       1.0343       1.7121    
  1.4000       1.2066     -0.86189E-01   18.061       1.2066       1.5865    
  1.6000       1.3790      0.86189E-01   18.016       1.3790       1.4924    
  1.8000       1.5514      0.25857       17.989       1.5514       1.4191    
  2.0000       1.7238      0.43094       17.979       1.7238       1.3605    
cell           11  16.7           1   172800.00    
  0.0000       0.0000      -1.0761       1.2068       0.0000       10.000    
 0.20000      0.85364E-01 -0.93265       1.0180      0.14348       4.7403    
 0.40000      0.62390E-01 -0.78917      0.85156      0.28697       3.6022    
 0.60000      0.61392E-01 -0.64568      0.70707      0.43045       3.1813    
 0.80000      0.81827E-01 -0.50220      0.58402      0.57394       2.9405    
  1.0000      0.12302     -0.35871      0.48173      0.71742       2.7725    
  1.2000      0.18421     -0.21523      0.39943      0.86091       2.6416    
  1.4000      0.26464     -0.71742E-01  0.33638       1.0044       2.5326    
  1.6000      0.36364      0.71742E-01  0.29190       1.1479       2.4376    
  1.8000      0.48066      0.21523      0.26544       1.2914       2.3524    
  2.0000      0.61537      0.35871      0.25666       1.4348       2.2742    
cell           11  16.7           2   216000.00    
  0.0000       0.0000      -1.0761       1.3606       0.0000       10.000    
 0.20000      0.14348     -0.93265       1.1712      0.14348       4.4109    
 0.40000      0.21378     -0.78917       1.0029      0.28697       3.1733    
 0.60000      0.21001     -0.64568      0.85569      0.43045       2.9006    
 0.80000      0.22696     -0.50220      0.72916      0.57394       2.7349    
  1.0000      0.26428     -0.35871      0.62299      0.71742       2.6124    
  1.2000      0.32160     -0.21523      0.53683      0.86091       2.5119    
  1.4000      0.39855     -0.71742E-01  0.47029       1.0044       2.4242    
  1.6000      0.49478      0.71742E-01  0.42304       1.1479       2.3447    
  1.8000      0.61003      0.21523      0.39480       1.2914       2.2710    
  2.0000      0.74412      0.35871      0.38541       1.4348       2.2013    
cell           12  16.7           1   172800.00    
  0.0000       0.0000      -1.0761       1.2068       0.0000       10.000    
 0.20000      0.85364E-01 -0.93265       1.0180      0.14348       4.7403    
 0.40000      0.62390E-01 -0.78917      0.85156      0.28697       3.6022    
 0.60000      0.61392E-01 -0.64568      0.70707      0.43045       3.1813    
 0.80000      0.81827E-01 -0.50220      0.58402      0.57394       2.9405    
  1.0000      0.12302     -0.35871      0.48173      0.71742       2.7725    
  1.2000      0.18421     -0.21523      0.39943      0.86091       2.6416    
  1.4000      0.26464     -0.71742E-01  0.33638       1.0044       2.5326    
  1.6000      0.36364      0.71742E-01  0.29190       1.1479       2.4376    
  1.8000      0.48066      0.21523      0.26544       1.2914       2.3524    
  2.0000      0.61537      0.35871      0.25666       1.4348       2.2742    
cell           12  16.7           2   216000.00    
  0.0000       0.0000      -1.0761       1.3606       0.0000       10.000    
 0.20000      0.14348     -0.93265       1.1712      0.14348       4.4109    
 0.40000      0.21378     -0.78917       1.0029      0.28697       3.1733    
 0.60000      0.21001     -0.64568      0.85569      0.43045       2.9006    
 0.80000      0.22696     -0.50220      0.72916      0.57394       2.7349    
  1.0000      0.26428     -0.35871      0.62299      0.71742       2.6124    
  1.2000      0.32160     -0.21523      0.53683      0.86091       2.5119    
  1.4000      0.39855     -0.71742E-01  0.47029       1.0044       2.4242    
  1.6000      0.49478      0.71742E-01  0.42304       1.1479       2.3447    
  1.8000      0.61003      0.21523      0.39480       1.2914       2.2710    
  2.0000      0.74412      0.35871      0.38541       1.4348       2.2013    
cell           13  21.8           1   172800.00    
  0.0000       0.0000     -0.99313       1.2472       0.0000       10.000    
 0.20000      0.13242     -0.86071       1.0582      0.13242       3.4587    
 0.40000      0.16284     -0.72829      0.89113      0.26483       2.5359    
 0.60000      0.14987     -0.59588      0.74575      0.39725       2.2937    
 0.80000      0.15810     -0.46346      0.62156      0.52967       2.1486    
  1.0000      0.18696     -0.33104      0.51800      0.66209       2.0429    
  1.2000      0.23582     -0.19863      0.43444      0.79450       1.9574    
  1.4000      0.30404     -0.66209E-01  0.37025      0.92692       1.8838    
  1.6000      0.39107      0.66209E-01  0.32486       1.0593       1.8179    
  1.8000      0.49645      0.19863      0.29782       1.1918       1.7575    
  2.0000      0.61989      0.33104      0.28884       1.3242       1.7010    
cell           13  21.8           2   216000.00    
  0.0000       0.0000     -0.99313       1.4084       0.0000       10.000    
 0.20000      0.13242     -0.86071       1.2189      0.13242       3.4587    
 0.40000      0.26483     -0.72829       1.0503      0.26483       2.3052    
 0.60000      0.30662     -0.59588      0.90250      0.39725       2.0573    
 0.80000      0.31180     -0.46346      0.77526      0.52967       1.9748    
  1.0000      0.33729     -0.33104      0.66833      0.66209       1.9069    
  1.2000      0.38277     -0.19863      0.58140      0.79450       1.8466    
  1.4000      0.44796     -0.66209E-01  0.51417      0.92692       1.7908    
  1.6000      0.53257      0.66209E-01  0.46636       1.0593       1.7379    
  1.8000      0.63640      0.19863      0.43777       1.1918       1.6871    
  2.0000      0.75930      0.33104      0.42826       1.3242       1.6379    
cell           14  23.0           1   172800.00    
  0.0000       0.0000     -0.97099       1.2587       0.0000       10.000    
 0.20000      0.12947     -0.84153       1.0696      0.12947       3.2998    
 0.40000      0.19039     -0.71206      0.90246      0.25893       2.3426    
 0.60000      0.17424     -0.58260      0.75684      0.38840       2.1350    
 0.80000      0.17922     -0.45313      0.63235      0.51786       2.0082    
  1.0000      0.20481     -0.32366      0.52847      0.64733       1.9143    
  1.2000      0.25039     -0.19420      0.44459      0.77680       1.8372    
  1.4000      0.31537     -0.64733E-01  0.38011      0.90626       1.7702    
  1.6000      0.39922      0.64733E-01  0.33449       1.0357       1.7097    
  1.8000      0.50150      0.19420      0.30730       1.1652       1.6537    
  2.0000      0.62193      0.32366      0.29827       1.2947       1.6011    
cell           14  23.0           2   216000.00    
  0.0000       0.0000     -0.97099       1.4221       0.0000       10.000    
 0.20000      0.12947     -0.84153       1.2326      0.12947       3.2998    
 0.40000      0.25893     -0.71206       1.0639      0.25893       2.1940    
 0.60000      0.33336     -0.58260      0.91595      0.38840       1.9050    
 0.80000      0.33542     -0.45313      0.78855      0.51786       1.8389    
  1.0000      0.35776     -0.32366      0.68142      0.64733       1.7817    
  1.2000      0.40010     -0.19420      0.59430      0.77680       1.7290    
  1.4000      0.46216     -0.64733E-01  0.52689      0.90626       1.6793    
  1.6000      0.54368      0.64733E-01  0.47895       1.0357       1.6314    
  1.8000      0.64447      0.19420      0.45027       1.1652       1.5848    
  2.0000      0.76439      0.32366      0.44073       1.2947       1.5393    
cell           15  21.8           1   172800.00    
  0.0000       0.0000     -0.99313       1.2472       0.0000       10.000    
 0.20000      0.13242     -0.86071       1.0582      0.13242       3.4587    
 0.40000      0.16284     -0.72829      0.89113      0.26483       2.5359    
 0.60000      0.14987     -0.59588      0.74575      0.39725       2.2937    
 0.80000      0.15810     -0.46346      0.62156      0.52967       2.1486    
  1.0000      0.18696     -0.33104      0.51800      0.66209       2.0429    
  1.2000      0.23582     -0.19863      0.43444      0.79450       1.9574    
  1.4000      0.30404     -0.66209E-01  0.37025      0.92692       1.8838    
  1.6000      0.39107      0.66209E-01  0.32486       1.0593       1.8179    
  1.8000      0.49645      0.19863      0.29782       1.1918       1.7575    
  2.0000      0.61989      0.33104      0.28884       1.3242       1.7010    
cell           15  21.8           2   216000.00    
  0.0000       0.0000     -0.99313       1.4084       0.0000       10.000    
 0.20000      0.13242     -0.86071       1.2189      0.13242       3.4587    
 0.40000      0.26483     -0.72829       1.0503      0.26483       2.3052    
 0.60000      0.30662     -0.59588      0.90250      0.39725       2.0573    
 0.80000      0.31180     -0.46346      0.77526      0.52967       1.9748    
  1.0000      0.33729     -0.33104      0.66833      0.66209       1.9069    
  1.2000      0.38277     -0.19863      0.58140      0.79450       1.8466    
  1.4000      0.44796     -0.66209E-01  0.51417      0.92692       1.7908    
  1.6000      0.53257      0.66209E-01  0.46636       1.0593       1.7379    
  1.8000      0.63640      0.19863      0.43777       1.1918       1.6871    
  2.0000      0.75930      0.33104      0.42826       1.3242       1.6379    
cell           16  21.8           1   172800.00    
  0.0000       0.0000     -0.99313       1.2472       0.0000       10.000    
 0.20000      0.13242     -0.86071       1.0582      0.13242       3.4587    
 0.40000      0.16284     -0.72829      0.89113      0.26483       2.5359    
 0.60000      0.14987     -0.59588      0.74575      0.39725       2.2937    
 0.80000      0.15810     -0.46346      0.62156      0.52967       2.1486    
  1.0000      0.18696     -0.33104      0.51800      0.66209       2.0429    
  1.2000      0.23582     -0.19863      0.43444      0.79450       1.9574    
  1.4000      0.30404     -0.66209E-01  0.37025      0.92692       1.8838    
  1.6000      0.39107      0.66209E-01  0.32486       1.0593       1.8179    
  1.8000      0.49645      0.19863      0.29782       1.1918       1.7575    
  2.0000      0.61989      0.33104      0.28884       1.3242       1.7010    
cell           16  21.8           2   216000.00    
  0.0000       0.0000     -0.99313       1.4084       0.0000       10.000    
 0.20000      0.13242     -0.86071       1.2189      0.13242       3.4587    
 0.40000      0.26483     -0.72829       1.0503      0.26483       2.3052    
 0.60000      0.30662     -0.59588      0.90250      0.39725       2.0573    
 0.80000      0.31180     -0.46346      0.77526      0.52967       1.9748    
  1.0000      0.33729     -0.33104      0.66833      0.66209       1.9069    
  1.2000      0.38277     -0.19863      0.58140      0.79450       1.8466    
  1.4000      0.44796     -0.66209E-01  0.51417      0.92692       1.7908    
  1.6000      0.53257      0.66209E-01  0.46636       1.0593       1.7379    
  1.8000      0.63640      0.19863      0.43777       1.1918       1.6871    
  2.0000      0.75930      0.33104      0.42826       1.3242       1.6379    
cell           17  23.0           1   172800.00    
  0.0000     -0.85949      -1.2707      0.41120       0.0000       10.000    
 0.20000     -0.69101      -1.1013      0.41025      0.16943       6.4707    
 0.40000     -0.52244     -0.93184      0.40940      0.33885       3.9431    
 0.60000     -0.35376     -0.76242      0.40865      0.50828       3.1006    
 0.80000     -0.18499     -0.59299      0.40800      0.67770       2.6793    
  1.0000     -0.16111E-01 -0.42356      0.40745      0.84713       2.4266    
  1.2000      0.15286     -0.25414      0.40700       1.0166       2.1633    
  1.4000      0.32194     -0.84713E-01  0.40665       1.1860       1.9666    
  1.6000      0.49112      0.84713E-01  0.40640       1.3554       1.8190    
  1.8000      0.66039      0.25414      0.40625       1.5248       1.7042    
  2.0000      0.82977      0.42356      0.40620       1.6943       1.6123    
cell           17  23.0           2   216000.00    
  0.0000       0.0000      -1.2707       21.471       0.0000       10.000    
 0.20000      0.16943      -1.1013       21.280      0.16943       5.8403    
 0.40000      0.33885     -0.93184       21.110      0.33885       3.3127    
 0.60000      0.50828     -0.76242       20.959      0.50828       2.4702    
 0.80000      0.67770     -0.59299       20.828      0.67770       2.0489    
  1.0000      0.84713     -0.42356       20.718      0.84713       1.7962    
  1.2000       1.0166     -0.25414       20.627       1.0166       1.6277    
  1.4000       1.1860     -0.84713E-01   20.557       1.1860       1.5073    
  1.6000       1.3554      0.84713E-01   20.507       1.3554       1.4170    
  1.8000       1.5248      0.25414       20.476       1.5248       1.3468    
  2.0000       1.6943      0.42356       20.466       1.6943       1.2906    
cell           18  26.3           1   172800.00    
  0.0000     -0.77188      -1.2052      0.43335       0.0000       10.000    
 0.20000     -0.61213      -1.0445      0.43240      0.16070       5.7932    
 0.40000     -0.45229     -0.88384      0.43155      0.32140       3.5045    
 0.60000     -0.29234     -0.72314      0.43080      0.48209       2.7416    
 0.80000     -0.13229     -0.56244      0.43015      0.64279       2.3601    
  1.0000      0.27857E-01 -0.40174      0.42960      0.80349       2.1125    
  1.2000      0.18810     -0.24105      0.42915      0.96419       1.8730    
  1.4000      0.34845     -0.80349E-01  0.42880       1.1249       1.7019    
  1.6000      0.50890      0.80349E-01  0.42855       1.2856       1.5736    
  1.8000      0.66945      0.24105      0.42840       1.4463       1.4737    
  2.0000      0.83010      0.40174      0.42835       1.6070       1.3938    
cell           18  26.3           2   216000.00    
  0.0000       0.0000      -1.2052       22.601       0.0000       10.000    
 0.20000      0.16070      -1.0445       22.410      0.16070       5.2517    
 0.40000      0.32140     -0.88384       22.239      0.32140       2.9630    
 0.60000      0.48209     -0.72314       22.088      0.48209       2.2001    
 0.80000      0.64279     -0.56244       21.958      0.64279       1.8187    
  1.0000      0.80349     -0.40174       21.847      0.80349       1.5898    
  1.2000      0.96419     -0.24105       21.757      0.96419       1.4372    
  1.4000       1.1249     -0.80349E-01   21.686       1.1249       1.3282    
  1.6000       1.2856      0.80349E-01   21.636       1.2856       1.2465    
  1.8000       1.4463      0.24105       21.606       1.4463       1.1829    
  2.0000       1.6070      0.40174       21.596       1.6070       1.1321    
cell           19  29.5           1   172800.00    
  0.0000     -0.72256      -1.1360      0.41342       0.0000       10.000    
 0.20000     -0.57195     -0.98451      0.41257      0.15146       5.3043    
 0.40000     -0.42125     -0.83305      0.41180      0.30293       3.1832    
 0.60000     -0.27046     -0.68159      0.41113      0.45439       2.4761    
 0.80000     -0.11958     -0.53012      0.41054      0.60586       2.1226    
  1.0000      0.31387E-01 -0.37866      0.41005      0.75732       1.8909    
  1.2000      0.18245     -0.22720      0.40964      0.90878       1.6741    
  1.4000      0.33359     -0.75732E-01  0.40933       1.0602       1.5193    
  1.6000      0.48483      0.75732E-01  0.40910       1.2117       1.4031    
  1.8000      0.63616      0.22720      0.40897       1.3632       1.3127    
  2.0000      0.78758      0.37866      0.40892       1.5146       1.2403    
cell           19  29.5           2   216000.00    
  0.0000       0.0000      -1.1360       23.891       0.0000       10.000    
 0.20000      0.15146     -0.98451       23.701      0.15146       4.8314    
 0.40000      0.30293     -0.83305       23.530      0.30293       2.7102    
 0.60000      0.45439     -0.68159       23.379      0.45439       2.0032    
 0.80000      0.60586     -0.53012       23.249      0.60586       1.6496    
  1.0000      0.75732     -0.37866       23.138      0.75732       1.4375    
  1.2000      0.90878     -0.22720       23.048      0.90878       1.2961    
  1.4000       1.0602     -0.75732E-01   22.977       1.0602       1.1951    
  1.6000       1.2117      0.75732E-01   22.927       1.2117       1.1193    
  1.8000       1.3632      0.22720       22.897       1.3632       1.0604    
  2.0000       1.5146      0.37866       22.887       1.5146       1.0133    
cell           20  31.0           1   172800.00    
  0.0000     -0.80283      -1.1018      0.29898       0.0000       10.000    
 0.19000     -0.66381     -0.96224      0.29844      0.13956       5.3352    
 0.38000     -0.52473     -0.82268      0.29795      0.27912       3.1676    
 0.57000     -0.38559     -0.68312      0.29752      0.41869       2.4451    
 0.76000     -0.24640     -0.54356      0.29715      0.55825       2.0838    
 0.95000     -0.10715     -0.40399      0.29684      0.69781       1.8670    
  1.1400      0.32151E-01 -0.26443      0.29658      0.83737       1.7054    
  1.3300      0.17151     -0.12487      0.29638      0.97693       1.5411    
  1.5200      0.31093      0.14691E-01  0.29624       1.1165       1.4179    
  1.7100      0.45041      0.15425      0.29616       1.2561       1.3220    
  1.9000      0.58994      0.29381      0.29613       1.3956       1.2453    
cell           20  31.0           2   216000.00    
  0.0000       0.0000      -1.1018       23.150       0.0000       10.000    
 0.19000      0.13956     -0.96224       22.987      0.13956       4.8899    
 0.38000      0.27912     -0.82268       22.841      0.27912       2.7223    
 0.57000      0.41869     -0.68312       22.712      0.41869       1.9997    
 0.76000      0.55825     -0.54356       22.601      0.55825       1.6385    
 0.95000      0.69781     -0.40399       22.506      0.69781       1.4217    
  1.1400      0.83737     -0.26443       22.429      0.83737       1.2772    
  1.3300      0.97693     -0.12487       22.369      0.97693       1.1740    
  1.5200       1.1165      0.14691E-01   22.326       1.1165       1.0966    
  1.7100       1.2561      0.15425       22.301       1.2561       1.0364    
  1.9000       1.3956      0.29381       22.292       1.3956      0.98819    
cell           21  16.7           1   172800.00    
  0.0000       0.0000      -1.0761       1.2068       0.0000       10.000    
 0.20000      0.85364E-01 -0.93265       1.0180      0.14348       4.7403    
 0.40000      0.62390E-01 -0.78917      0.85156      0.28697       3.6022    
 0.60000      0.61392E-01 -0.64568      0.70707      0.43045       3.1813    
 0.80000      0.81827E-01 -0.50220      0.58402      0.57394       2.9405    
  1.0000      0.12302     -0.35871      0.48173      0.71742       2.7725    
  1.2000      0.18421     -0.21523      0.39943      0.86091       2.6416    
  1.4000      0.26464     -0.71742E-01  0.33638       1.0044       2.5326    
  1.6000      0.36364      0.71742E-01  0.29190       1.1479       2.4376    
  1.8000      0.48066      0.21523      0.26544       1.2914       2.3524    
  2.0000      0.61537      0.35871      0.25666       1.4348       2.2742    
cell           21  16.7           2   216000.00    
  0.0000       0.0000      -1.0761       1.3606       0.0000       10.000    
 0.20000      0.14348     -0.93265       1.1712      0.14348       4.4109    
 0.40000      0.21378     -0.78917       1.0029      0.28697       3.1733    
 0.60000      0.21001     -0.64568      0.85569      0.43045       2.9006    
 0.80000      0.22696     -0.50220      0.72916      0.57394       2.7349    
  1.0000      0.26428     -0.35871      0.62299      0.71742       2.6124    
  1.2000      0.32160     -0.21523      0.53683      0.86091       2.5119    
  1.4000      0.39855     -0.71742E-01  0.47029       1.0044       2.4242    
  1.6000      0.49478      0.71742E-01  0.42304       1.1479       2.3447    
  1.8000      0.61003      0.21523      0.39480       1.2914       2.2710    
  2.0000      0.74412      0.35871      0.38541       1.4348       2.2013    
cell           22  21.8           1   172800.00    
  0.0000       0.0000     -0.99313       1.2472       0.0000       10.000    
 0.20000      0.13242     -0.86071       1.0582      0.13242       3.4587    
 0.40000      0.16284     -0.72829      0.89113      0.26483       2.5359    
 0.60000      0.14987     -0.59588      0.74575      0.39725       2.2937    
 0.80000      0.15810     -0.46346      0.62156      0.52967       2.1486    
  1.0000      0.18696     -0.33104      0.51800      0.66209       2.0429    
  1.2000      0.23582     -0.19863      0.43444      0.79450       1.9574    
  1.4000      0.30404     -0.66209E-01  0.37025      0.92692       1.8838    
  1.6000      0.39107      0.66209E-01  0.32486       1.0593       1.8179    
  1.8000      0.49645      0.19863      0.29782       1.1918       1.7575    
  2.0000      0.61989      0.33104      0.28884       1.3242       1.7010    
cell           22  21.8           2   216000.00    
  0.0000       0.0000     -0.99313       1.4084       0.0000       10.000    
 0.20000      0.13242     -0.86071       1.2189      0.13242       3.4587    
 0.40000      0.26483     -0.72829       1.0503      0.26483       2.3052    
 0.60000      0.30662     -0.59588      0.90250      0.39725       2.0573    
 0.80000      0.31180     -0.46346      0.77526      0.52967       1.9748    
  1.0000      0.33729     -0.33104      0.66833      0.66209       1.9069    
  1.2000      0.38277     -0.19863      0.58140      0.79450       1.8466    
  1.4000      0.44796     -0.66209E-01  0.51417      0.92692       1.7908    
  1.6000      0.53257      0.66209E-01  0.46636       1.0593       1.7379    
  1.8000      0.63640      0.19863      0.43777       1.1918       1.6871    
  2.0000      0.75930      0.33104      0.42826       1.3242       1.6379    
cell           23  23.0           1   172800.00    
  0.0000       0.0000     -0.97099       1.2587       0.0000       10.000    
 0.20000      0.12947     -0.84153       1.0696      0.12947       3.2998    
 0.40000      0.19039     -0.71206      0.90246      0.25893       2.3426    
 0.60000      0.17424     -0.58260      0.75684      0.38840       2.1350    
 0.80000      0.17922     -0.45313      0.63235      0.51786       2.0082    
  1.0000      0.20481     -0.32366      0.52847      0.64733       1.9143    
  1.2000      0.25039     -0.19420      0.44459      0.77680       1.8372    
  1.4000      0.31537     -0.64733E-01  0.38011      0.90626       1.7702    
  1.6000      0.39922      0.64733E-01  0.33449       1.0357       1.7097    
  1.8000      0.50150      0.19420      0.30730       1.1652       1.6537    
  2.0000      0.62193      0.32366      0.29827       1.2947       1.6011    
cell           23  23.0           2   216000.00    
  0.0000       0.0000     -0.97099       1.4221       0.0000       10.000    
 0.20000      0.12947     -0.84153       1.2326      0.12947       3.2998    
 0.40000      0.25893     -0.71206       1.0639      0.25893       2.1940    
 0.60000      0.33336     -0.58260      0.91595      0.38840       1.9050    
 0.80000      0.33542     -0.45313      0.78855      0.51786       1.8389    
  1.0000      0.35776     -0.32366      0.68142      0.64733       1.7817    
  1.2000      0.40010     -0.19420      0.59430      0.77680       1.7290    
  1.4000      0.46216     -0.64733E-01  0.52689      0.90626       1.6793    
  1.6000      0.54368      0.64733E-01  0.47895       1.0357       1.6314    
  1.8000      0.64447      0.19420      0.45027       1.1652       1.5848    
  2.0000      0.76439      0.32366      0.44073       1.2947       1.5393    
cell           24  26.6           1   172800.00    
  0.0000     -0.74737      -1.1990      0.45160       0.0000       10.000    
 0.20000     -0.58849      -1.0391      0.45061      0.15986       5.7412    
 0.40000     -0.42951     -0.87924      0.44973      0.31972       3.4705    
 0.60000     -0.27043     -0.71938      0.44895      0.47959       2.7137    
 0.80000     -0.11124     -0.55952      0.44828      0.63945       2.3352    
  1.0000      0.48052E-01 -0.39966      0.44771      0.79931       2.0760    
  1.2000      0.20745     -0.23979      0.44724      0.95917       1.8412    
  1.4000      0.36695     -0.79931E-01  0.44688       1.1190       1.6734    
  1.6000      0.52655      0.79931E-01  0.44662       1.2789       1.5475    
  1.8000      0.68626      0.23979      0.44646       1.4388       1.4496    
  2.0000      0.84607      0.39966      0.44641       1.5986       1.3712    
cell           24  26.6           2   216000.00    
  0.0000       0.0000      -1.1990       22.731       0.0000       10.000    
 0.20000      0.15986      -1.0391       22.540      0.15986       5.2068    
 0.40000      0.31972     -0.87924       22.370      0.31972       2.9362    
 0.60000      0.47959     -0.71938       22.219      0.47959       2.1793    
 0.80000      0.63945     -0.55952       22.088      0.63945       1.8009    
  1.0000      0.79931     -0.39966       21.978      0.79931       1.5738    
  1.2000      0.95917     -0.23979       21.887      0.95917       1.4224    
  1.4000       1.1190     -0.79931E-01   21.817       1.1190       1.3143    
  1.6000       1.2789      0.79931E-01   21.766       1.2789       1.2332    
  1.8000       1.4388      0.23979       21.736       1.4388       1.1701    
  2.0000       1.5986      0.39966       21.726       1.5986       1.1197    
cell           25  23.0           1   172800.00    
  0.0000     -0.57658      -1.2707      0.69411       0.0000       10.000    
 0.20000     -0.40876      -1.1013      0.69251      0.16943       6.4707    
 0.40000     -0.24077     -0.93184      0.69108      0.33885       3.9431    
 0.60000     -0.72606E-01 -0.76242      0.68981      0.50828       3.1006    
 0.80000      0.95722E-01 -0.59299      0.68871      0.67770       2.5903    
  1.0000      0.26422     -0.42356      0.68778      0.84713       2.2299    
  1.2000      0.43289     -0.25414      0.68702       1.0166       1.9896    
  1.4000      0.60172     -0.84713E-01  0.68643       1.1860       1.8179    
  1.6000      0.77072      0.84713E-01  0.68601       1.3554       1.6890    
  1.8000      0.93990      0.25414      0.68576       1.5248       1.5886    
  2.0000       1.1092      0.42356      0.68567       1.6943       1.5083    
cell           25  23.0           2   216000.00    
  0.0000       0.0000      -1.2707       21.754       0.0000       10.000    
 0.20000      0.16943      -1.1013       21.563      0.16943       5.8403    
 0.40000      0.33885     -0.93184       21.391      0.33885       3.3127    
 0.60000      0.50828     -0.76242       21.240      0.50828       2.4702    
 0.80000      0.67770     -0.59299       21.109      0.67770       2.0489    
  1.0000      0.84713     -0.42356       20.998      0.84713       1.7962    
  1.2000       1.0166     -0.25414       20.907       1.0166       1.6277    
  1.4000       1.1860     -0.84713E-01   20.837       1.1860       1.5073    
  1.6000       1.3554      0.84713E-01   20.786       1.3554       1.4170    
  1.8000       1.5248      0.25414       20.756       1.5248       1.3468    
  2.0000       1.6943      0.42356       20.746       1.6943       1.2906    
cell           26  29.5           1   172800.00    
  0.0000     -0.50163      -1.1360      0.63435       0.0000       10.000    
 0.20000     -0.35148     -0.98451      0.63304      0.15146       5.3043    
 0.40000     -0.20119     -0.83305      0.63186      0.30293       3.1832    
 0.60000     -0.50759E-01 -0.68159      0.63083      0.45439       2.4761    
 0.80000      0.99808E-01 -0.53012      0.62993      0.60586       2.0447    
  1.0000      0.25051     -0.37866      0.62917      0.75732       1.7540    
  1.2000      0.40135     -0.22720      0.62855      0.90878       1.5602    
  1.4000      0.55234     -0.75732E-01  0.62807       1.0602       1.4217    
  1.6000      0.70345      0.75732E-01  0.62772       1.2117       1.3177    
  1.8000      0.85471      0.22720      0.62752       1.3632       1.2368    
  2.0000       1.0061      0.37866      0.62745       1.5146       1.1721    
cell           26  29.5           2   216000.00    
  0.0000       0.0000      -1.1360       24.112       0.0000       10.000    
 0.20000      0.15146     -0.98451       23.921      0.15146       4.8314    
 0.40000      0.30293     -0.83305       23.750      0.30293       2.7102    
 0.60000      0.45439     -0.68159       23.599      0.45439       2.0032    
 0.80000      0.60586     -0.53012       23.468      0.60586       1.6496    
  1.0000      0.75732     -0.37866       23.357      0.75732       1.4375    
  1.2000      0.90878     -0.22720       23.267      0.90878       1.2961    
  1.4000       1.0602     -0.75732E-01   23.196       1.0602       1.1951    
  1.6000       1.2117      0.75732E-01   23.146       1.2117       1.1193    
  1.8000       1.3632      0.22720       23.115       1.3632       1.0604    
  2.0000       1.5146      0.37866       23.105       1.5146       1.0133    
cell           27  35.0           1   172800.00    
  0.0000     -0.31565     -0.87205      0.55641       0.0000       10.000    
 0.15000     -0.21560     -0.77143      0.55583      0.10062       6.0178    
 0.30000     -0.11549     -0.67081      0.55532      0.20124       3.4379    
 0.45000     -0.15325E-01 -0.57019      0.55486      0.30186       2.5780    
 0.60000      0.84903E-01 -0.46957      0.55447      0.40249       2.0674    
 0.75000      0.18519     -0.36895      0.55414      0.50311       1.7494    
 0.90000      0.28554     -0.26832      0.55386      0.60373       1.5373    
  1.0500      0.38595     -0.16770      0.55365      0.70435       1.3858    
  1.2000      0.48642     -0.67081E-01  0.55350      0.80497       1.2722    
  1.3500      0.58695      0.33541E-01  0.55341      0.90559       1.1837    
  1.5000      0.68754      0.13416      0.55338       1.0062       1.1130    
cell           27  35.0           2   216000.00    
  0.0000       0.0000     -0.87205       35.393       0.0000       10.000    
 0.15000      0.10062     -0.77143       35.250      0.10062       5.6356    
 0.30000      0.20124     -0.67081       35.122      0.20124       3.0558    
 0.45000      0.30186     -0.57019       35.009      0.30186       2.1959    
 0.60000      0.40249     -0.46957       34.911      0.40249       1.7659    
 0.75000      0.50311     -0.36895       34.828      0.50311       1.5079    
 0.90000      0.60373     -0.26832       34.760      0.60373       1.3359    
  1.0500      0.70435     -0.16770       34.707      0.70435       1.2131    
  1.2000      0.80497     -0.67081E-01   34.670      0.80497       1.1209    
  1.3500      0.90559      0.33541E-01   34.647      0.90559       1.0493    
  1.5000       1.0062      0.13416       34.640       1.0062      0.99194    
cell           28  32.5           1   172800.00    
  0.0000     -0.73175      -1.0667      0.33491       0.0000       10.000    
 0.17500     -0.60780     -0.94222      0.33442      0.12444       5.5286    
 0.35000     -0.48381     -0.81778      0.33397      0.24889       3.2359    
 0.52500     -0.35976     -0.69333      0.33358      0.37333       2.4717    
 0.70000     -0.23565     -0.56889      0.33323      0.49778       2.0895    
 0.87500     -0.11150     -0.44444      0.33295      0.62222       1.8603    
  1.0500      0.12710E-01 -0.32000      0.33271      0.74666       1.7003    
  1.2250      0.13697     -0.19556      0.33253      0.87111       1.5322    
  1.4000      0.26128     -0.71111E-01  0.33239      0.99555       1.4061    
  1.5750      0.38565      0.53333E-01  0.33232       1.1200       1.3080    
  1.7500      0.51007      0.17778      0.33229       1.2444       1.2296    
cell           28  32.5           2   216000.00    
  0.0000       0.0000      -1.0667       28.682       0.0000       10.000    
 0.17500      0.12444     -0.94222       28.515      0.12444       5.1086    
 0.35000      0.24889     -0.81778       28.366      0.24889       2.8159    
 0.52500      0.37333     -0.69333       28.234      0.37333       2.0516    
 0.70000      0.49778     -0.56889       28.120      0.49778       1.6695    
 0.87500      0.62222     -0.44444       28.024      0.62222       1.4402    
  1.0500      0.74666     -0.32000       27.945      0.74666       1.2874    
  1.2250      0.87111     -0.19556       27.883      0.87111       1.1782    
  1.4000      0.99555     -0.71111E-01   27.839      0.99555       1.0963    
  1.5750       1.1200      0.53333E-01   27.813       1.1200       1.0326    
  1.7500       1.2444      0.17778       27.804       1.2444      0.98169    
cell           29  32.5           1   172800.00    
  0.0000     -0.73175      -1.0667      0.33491       0.0000       10.000    
 0.17500     -0.60780     -0.94222      0.33442      0.12444       5.5286    
 0.35000     -0.48381     -0.81778      0.33397      0.24889       3.2359    
 0.52500     -0.35976     -0.69333      0.33358      0.37333       2.4717    
 0.70000     -0.23565     -0.56889      0.33323      0.49778       2.0895    
 0.87500     -0.11150     -0.44444      0.33295      0.62222       1.8603    
  1.0500      0.12710E-01 -0.32000      0.33271      0.74666       1.7003    
  1.2250      0.13697     -0.19556      0.33253      0.87111       1.5322    
  1.4000      0.26128     -0.71111E-01  0.33239      0.99555       1.4061    
  1.5750      0.38565      0.53333E-01  0.33232       1.1200       1.3080    
  1.7500      0.51007      0.17778      0.33229       1.2444       1.2296    
cell           29  32.5           2   216000.00    
  0.0000       0.0000      -1.0667       28.682       0.0000       10.000    
 0.17500      0.12444     -0.94222       28.515      0.12444       5.1086    
 0.35000      0.24889     -0.81778       28.366      0.24889       2.8159    
 0.52500      0.37333     -0.69333       28.234      0.37333       2.0516    
 0.70000      0.49778     -0.56889       28.120      0.49778       1.6695    
 0.87500      0.62222     -0.44444       28.024      0.62222       1.4402    
  1.0500      0.74666     -0.32000       27.945      0.74666       1.2874    
  1.2250      0.87111     -0.19556       27.883      0.87111       1.1782    
  1.4000      0.99555     -0.71111E-01   27.839      0.99555       1.0963    
  1.5750       1.1200      0.53333E-01   27.813       1.1200       1.0326    
  1.7500       1.2444      0.17778       27.804       1.2444      0.98169    
cell           30  31.0           1   172800.00    
  0.0000     -0.80283      -1.1018      0.29898       0.0000       10.000    
 0.19000     -0.66381     -0.96224      0.29844      0.13956       5.3352    
 0.38000     -0.52473     -0.82268      0.29795      0.27912       3.1676    
 0.57000     -0.38559     -0.68312      0.29752      0.41869       2.4451    
 0.76000     -0.24640     -0.54356      0.29715      0.55825       2.0838    
 0.95000     -0.10715     -0.40399      0.29684      0.69781       1.8670    
  1.1400      0.32151E-01 -0.26443      0.29658      0.83737       1.7054    
  1.3300      0.17151     -0.12487      0.29638      0.97693       1.5411    
  1.5200      0.31093      0.14691E-01  0.29624       1.1165       1.4179    
  1.7100      0.45041      0.15425      0.29616       1.2561       1.3220    
  1.9000      0.58994      0.29381      0.29613       1.3956       1.2453    
cell           30  31.0           2   216000.00    
  0.0000       0.0000      -1.1018       25.689       0.0000       10.000    
 0.19000      0.13956     -0.96224       25.508      0.13956       4.8899    
 0.38000      0.27912     -0.82268       25.346      0.27912       2.7223    
 0.57000      0.41869     -0.68312       25.203      0.41869       1.9997    
 0.76000      0.55825     -0.54356       25.079      0.55825       1.6385    
 0.95000      0.69781     -0.40399       24.974      0.69781       1.4217    
  1.1400      0.83737     -0.26443       24.888      0.83737       1.2772    
  1.3300      0.97693     -0.12487       24.822      0.97693       1.1740    
  1.5200       1.1165      0.14691E-01   24.774       1.1165       1.0966    
  1.7100       1.2561      0.15425       24.745       1.2561       1.0364    
  1.9000       1.3956      0.29381       24.736       1.3956      0.98819    
cell           31  21.8           1   172800.00    
  0.0000       0.0000     -0.99313       1.2472       0.0000       10.000    
 0.20000      0.13242     -0.86071       1.0582      0.13242       3.4587    
 0.40000      0.16284     -0.72829      0.89113      0.26483       2.5359    
 0.60000      0.14987     -0.59588      0.74575      0.39725       2.2937    
 0.80000      0.15810     -0.46346      0.62156      0.52967       2.1486    
  1.0000      0.18696     -0.33104      0.51800      0.66209       2.0429    
  1.2000      0.23582     -0.19863      0.43444      0.79450       1.9574    
  1.4000      0.30404     -0.66209E-01  0.37025      0.92692       1.8838    
  1.6000      0.39107      0.66209E-01  0.32486       1.0593       1.8179    
  1.8000      0.49645      0.19863      0.29782       1.1918       1.7575    
  2.0000      0.61989      0.33104      0.28884       1.3242       1.7010    
cell           31  21.8           2   216000.00    
  0.0000       0.0000     -0.99313       1.4084       0.0000       10.000    
 0.20000      0.13242     -0.86071       1.2189      0.13242       3.4587    
 0.40000      0.26483     -0.72829       1.0503      0.26483       2.3052    
 0.60000      0.30662     -0.59588      0.90250      0.39725       2.0573    
 0.80000      0.31180     -0.46346      0.77526      0.52967       1.9748    
  1.0000      0.33729     -0.33104      0.66833      0.66209       1.9069    
  1.2000      0.38277     -0.19863      0.58140      0.79450       1.8466    
  1.4000      0.44796     -0.66209E-01  0.51417      0.92692       1.7908    
  1.6000      0.53257      0.66209E-01  0.46636       1.0593       1.7379    
  1.8000      0.63640      0.19863      0.43777       1.1918       1.6871    
  2.0000      0.75930      0.33104      0.42826       1.3242       1.6379    
cell           32  23.0           1   172800.00    
  0.0000     -0.77728      -1.2707      0.49342       0.0000       10.000    
 0.20000     -0.60899      -1.1013      0.49228      0.16943       6.4707    
 0.40000     -0.44058     -0.93184      0.49126      0.33885       3.9431    
 0.60000     -0.27206     -0.76242      0.49036      0.50828       3.1006    
 0.80000     -0.10341     -0.59299      0.48958      0.67770       2.6793    
  1.0000      0.65353E-01 -0.42356      0.48892      0.84713       2.3779    
  1.2000      0.23424     -0.25414      0.48838       1.0166       2.1128    
  1.4000      0.40324     -0.84713E-01  0.48796       1.1860       1.9234    
  1.6000      0.57237      0.84713E-01  0.48766       1.3554       1.7812    
  1.8000      0.74162      0.25414      0.48748       1.5248       1.6706    
  2.0000      0.91098      0.42356      0.48742       1.6943       1.5821    
cell           32  23.0           2   216000.00    
  0.0000       0.0000      -1.2707       21.554       0.0000       10.000    
 0.20000      0.16943      -1.1013       21.362      0.16943       5.8403    
 0.40000      0.33885     -0.93184       21.191      0.33885       3.3127    
 0.60000      0.50828     -0.76242       21.041      0.50828       2.4702    
 0.80000      0.67770     -0.59299       20.910      0.67770       2.0489    
  1.0000      0.84713     -0.42356       20.799      0.84713       1.7962    
  1.2000       1.0166     -0.25414       20.709       1.0166       1.6277    
  1.4000       1.1860     -0.84713E-01   20.638       1.1860       1.5073    
  1.6000       1.3554      0.84713E-01   20.588       1.3554       1.4170    
  1.8000       1.5248      0.25414       20.558       1.5248       1.3468    
  2.0000       1.6943      0.42356       20.548       1.6943       1.2906    
cell           33  26.6           1   172800.00    
  0.0000     -0.61978      -1.1990      0.57919       0.0000       10.000    
 0.20000     -0.46118      -1.0391      0.57792      0.15986       5.7412    
 0.40000     -0.30245     -0.87924      0.57679      0.31972       3.4705    
 0.60000     -0.14359     -0.71938      0.57580      0.47959       2.7137    
 0.80000      0.15413E-01 -0.55952      0.57493      0.63945       2.3223    
  1.0000      0.17454     -0.39966      0.57420      0.79931       1.9915    
  1.2000      0.33381     -0.23979      0.57360      0.95917       1.7708    
  1.4000      0.49321     -0.79931E-01  0.57314       1.1190       1.6131    
  1.6000      0.65274      0.79931E-01  0.57280       1.2789       1.4948    
  1.8000      0.81240      0.23979      0.57260       1.4388       1.4028    
  2.0000      0.97219      0.39966      0.57254       1.5986       1.3291    
cell           33  26.6           2   216000.00    
  0.0000       0.0000      -1.1990       22.859       0.0000       10.000    
 0.20000      0.15986      -1.0391       22.668      0.15986       5.2068    
 0.40000      0.31972     -0.87924       22.497      0.31972       2.9362    
 0.60000      0.47959     -0.71938       22.346      0.47959       2.1793    
 0.80000      0.63945     -0.55952       22.215      0.63945       1.8009    
  1.0000      0.79931     -0.39966       22.104      0.79931       1.5738    
  1.2000      0.95917     -0.23979       22.013      0.95917       1.4224    
  1.4000       1.1190     -0.79931E-01   21.943       1.1190       1.3143    
  1.6000       1.2789      0.79931E-01   21.893       1.2789       1.2332    
  1.8000       1.4388      0.23979       21.862       1.4388       1.1701    
  2.0000       1.5986      0.39966       21.852       1.5986       1.1197    
cell           34  23.0           1   172800.00    
  0.0000     -0.75321      -1.2707      0.51748       0.0000       10.000    
 0.20000     -0.58498      -1.1013      0.51629      0.16943       6.4707    
 0.40000     -0.41663     -0.93184      0.51522      0.33885       3.9431    
 0.60000     -0.24814     -0.76242      0.51427      0.50828       3.1006    
 0.80000     -0.79535E-01 -0.59299      0.51346      0.67770       2.6793    
  1.0000      0.89198E-01 -0.42356      0.51276      0.84713       2.3602    
  1.2000      0.25806     -0.25414      0.51220       1.0166       2.0980    
  1.4000      0.42704     -0.84713E-01  0.51176       1.1860       1.9107    
  1.6000      0.59615      0.84713E-01  0.51144       1.3554       1.7702    
  1.8000      0.76539      0.25414      0.51125       1.5248       1.6608    
  2.0000      0.93475      0.42356      0.51119       1.6943       1.5732    
cell           34  23.0           2   216000.00    
  0.0000       0.0000      -1.2707       21.578       0.0000       10.000    
 0.20000      0.16943      -1.1013       21.386      0.16943       5.8403    
 0.40000      0.33885     -0.93184       21.215      0.33885       3.3127    
 0.60000      0.50828     -0.76242       21.064      0.50828       2.4702    
 0.80000      0.67770     -0.59299       20.934      0.67770       2.0489    
  1.0000      0.84713     -0.42356       20.823      0.84713       1.7962    
  1.2000       1.0166     -0.25414       20.732       1.0166       1.6277    
  1.4000       1.1860     -0.84713E-01   20.662       1.1860       1.5073    
  1.6000       1.3554      0.84713E-01   20.612       1.3554       1.4170    
  1.8000       1.5248      0.25414       20.581       1.5248       1.3468    
  2.0000       1.6943      0.42356       20.571       1.6943       1.2906    
cell           35  29.5           1   172800.00    
  0.0000     -0.86024      -1.1360      0.27574       0.0000       10.000    
 0.20000     -0.70935     -0.98451      0.27517      0.15146       5.3043    
 0.40000     -0.55840     -0.83305      0.27466      0.30293       3.1832    
 0.60000     -0.40738     -0.68159      0.27421      0.45439       2.4761    
 0.80000     -0.25631     -0.53012      0.27382      0.60586       2.1226    
  1.0000     -0.10517     -0.37866      0.27349      0.75732       1.9105    
  1.2000      0.46020E-01 -0.22720      0.27322      0.90878       1.7451    
  1.4000      0.19727     -0.75732E-01  0.27301       1.0602       1.5801    
  1.6000      0.34859      0.75732E-01  0.27286       1.2117       1.4562    
  1.8000      0.49996      0.22720      0.27277       1.3632       1.3599    
  2.0000      0.65140      0.37866      0.27274       1.5146       1.2828    
cell           35  29.5           2   216000.00    
  0.0000       0.0000      -1.1360       23.754       0.0000       10.000    
 0.20000      0.15146     -0.98451       23.563      0.15146       4.8314    
 0.40000      0.30293     -0.83305       23.393      0.30293       2.7102    
 0.60000      0.45439     -0.68159       23.242      0.45439       2.0032    
 0.80000      0.60586     -0.53012       23.112      0.60586       1.6496    
  1.0000      0.75732     -0.37866       23.001      0.75732       1.4375    
  1.2000      0.90878     -0.22720       22.911      0.90878       1.2961    
  1.4000       1.0602     -0.75732E-01   22.841       1.0602       1.1951    
  1.6000       1.2117      0.75732E-01   22.791       1.2117       1.1193    
  1.8000       1.3632      0.22720       22.761       1.3632       1.0604    
  2.0000       1.5146      0.37866       22.751       1.5146       1.0133    
cell           36  32.5           1   172800.00    
  0.0000     -0.73175      -1.0667      0.33491       0.0000       10.000    
 0.17500     -0.60780     -0.94222      0.33442      0.12444       5.5286    
 0.35000     -0.48381     -0.81778      0.33397      0.24889       3.2359    
 0.52500     -0.35976     -0.69333      0.33358      0.37333       2.4717    
 0.70000     -0.23565     -0.56889      0.33323      0.49778       2.0895    
 0.87500     -0.11150     -0.44444      0.33295      0.62222       1.8603    
  1.0500      0.12710E-01 -0.32000      0.33271      0.74666       1.7003    
  1.2250      0.13697     -0.19556      0.33253      0.87111       1.5322    
  1.4000      0.26128     -0.71111E-01  0.33239      0.99555       1.4061    
  1.5750      0.38565      0.53333E-01  0.33232       1.1200       1.3080    
  1.7500      0.51007      0.17778      0.33229       1.2444       1.2296    
cell           36  32.5           2   216000.00    
  0.0000       0.0000      -1.0667       28.682       0.0000       10.000    
 0.17500      0.12444     -0.94222       28.515      0.12444       5.1086    
 0.35000      0.24889     -0.81778       28.366      0.24889       2.8159    
 0.52500      0.37333     -0.69333       28.234      0.37333       2.0516    
 0.70000      0.49778     -0.56889       28.120      0.49778       1.6695    
 0.87500      0.62222     -0.44444       28.024      0.62222       1.4402    
  1.0500      0.74666     -0.32000       27.945      0.74666       1.2874    
  1.2250      0.87111     -0.19556       27.883      0.87111       1.1782    
  1.4000      0.99555     -0.71111E-01   27.839      0.99555       1.0963    
  1.5750       1.1200      0.53333E-01   27.813       1.1200       1.0326    
  1.7500       1.2444      0.17778       27.804       1.2444      0.98169    
cell           37  32.5           1   172800.00    
  0.0000     -0.73175      -1.0667      0.33491       0.0000       10.000    
 0.17500     -0.60780     -0.94222      0.33442      0.12444       5.5286    
 0.35000     -0.48381     -0.81778      0.33397      0.24889       3.2359    
 0.52500     -0.35976     -0.69333      0.33358      0.37333       2.4717    
 0.70000     -0.23565     -0.56889      0.33323      0.49778       2.0895    
 0.87500     -0.11150     -0.44444      0.33295      0.62222       1.8603    
  1.0500      0.12710E-01 -0.32000      0.33271      0.74666       1.7003    
  1.2250      0.13697     -0.19556      0.33253      0.87111       1.5322    
  1.4000      0.26128     -0.71111E-01  0.33239      0.99555       1.4061    
  1.5750      0.38565      0.53333E-01  0.33232       1.1200       1.3080    
  1.7500      0.51007      0.17778      0.33229       1.2444       1.2296    
cell           37  32.5           2   216000.00    
  0.0000       0.0000      -1.0667       28.682       0.0000       10.000    
 0.17500      0.12444     -0.94222       28.515      0.12444       5.1086    
 0.35000      0.24889     -0.81778       28.366      0.24889       2.8159    
 0.52500      0.37333     -0.69333       28.234      0.37333       2.0516    
 0.70000      0.49778     -0.56889       28.120      0.49778       1.6695    
 0.87500      0.62222     -0.44444       28.024      0.62222       1.4402    
  1.0500      0.74666     -0.32000       27.945      0.74666       1.2874    
  1.2250      0.87111     -0.19556       27.883      0.87111       1.1782    
  1.4000      0.99555     -0.71111E-01   27.839      0.99555       1.0963    
  1.5750       1.1200      0.53333E-01   27.813       1.1200       1.0326    
  1.7500       1.2444      0.17778       27.804       1.2444      0.98169    
cell           38  35.0           1   172800.00    
  0.0000     -0.45852     -0.87205      0.41354       0.0000       10.000    
 0.15000     -0.35832     -0.77143      0.41311      0.10062       6.0178    
 0.30000     -0.25808     -0.67081      0.41273      0.20124       3.4379    
 0.45000     -0.15780     -0.57019      0.41239      0.30186       2.5780    
 0.60000     -0.57471E-01 -0.46957      0.41210      0.40249       2.1480    
 0.75000      0.42903E-01 -0.36895      0.41185      0.50311       1.8575    
 0.90000      0.14332     -0.26832      0.41165      0.60373       1.6273    
  1.0500      0.24379     -0.16770      0.41149      0.70435       1.4629    
  1.2000      0.34429     -0.67081E-01  0.41138      0.80497       1.3396    
  1.3500      0.44485      0.33541E-01  0.41131      0.90559       1.2437    
  1.5000      0.54545      0.13416      0.41129       1.0062       1.1669    
cell           38  35.0           2   216000.00    
  0.0000       0.0000     -0.87205       35.250       0.0000       10.000    
 0.15000      0.10062     -0.77143       35.107      0.10062       5.6356    
 0.30000      0.20124     -0.67081       34.979      0.20124       3.0558    
 0.45000      0.30186     -0.57019       34.866      0.30186       2.1959    
 0.60000      0.40249     -0.46957       34.768      0.40249       1.7659    
 0.75000      0.50311     -0.36895       34.686      0.50311       1.5079    
 0.90000      0.60373     -0.26832       34.618      0.60373       1.3359    
  1.0500      0.70435     -0.16770       34.565      0.70435       1.2131    
  1.2000      0.80497     -0.67081E-01   34.528      0.80497       1.1209    
  1.3500      0.90559      0.33541E-01   34.505      0.90559       1.0493    
  1.5000       1.0062      0.13416       34.498       1.0062      0.99194    
cell           39  26.6           1   172800.00    
  0.0000     -0.93761      -1.1990      0.26136       0.0000       10.000    
 0.20000     -0.77832      -1.0391      0.26079      0.15986       5.7412    
 0.40000     -0.61896     -0.87924      0.26028      0.31972       3.4705    
 0.60000     -0.45955     -0.71938      0.25983      0.47959       2.7137    
 0.80000     -0.30008     -0.55952      0.25944      0.63945       2.3352    
  1.0000     -0.14055     -0.39966      0.25911      0.79931       2.1082    
  1.2000      0.19045E-01 -0.23979      0.25884      0.95917       1.9462    
  1.4000      0.17870     -0.79931E-01  0.25863       1.1190       1.7633    
  1.6000      0.33841      0.79931E-01  0.25848       1.2789       1.6262    
  1.8000      0.49818      0.23979      0.25839       1.4388       1.5195    
  2.0000      0.65801      0.39966      0.25836       1.5986       1.4341    
cell           39  26.6           2   216000.00    
  0.0000       0.0000      -1.1990       22.541       0.0000       10.000    
 0.20000      0.15986      -1.0391       22.351      0.15986       5.2068    
 0.40000      0.31972     -0.87924       22.180      0.31972       2.9362    
 0.60000      0.47959     -0.71938       22.030      0.47959       2.1793    
 0.80000      0.63945     -0.55952       21.899      0.63945       1.8009    
  1.0000      0.79931     -0.39966       21.789      0.79931       1.5738    
  1.2000      0.95917     -0.23979       21.699      0.95917       1.4224    
  1.4000       1.1190     -0.79931E-01   21.628       1.1190       1.3143    
  1.6000       1.2789      0.79931E-01   21.578       1.2789       1.2332    
  1.8000       1.4388      0.23979       21.548       1.4388       1.1701    
  2.0000       1.5986      0.39966       21.538       1.5986       1.1197    
cell           40  21.8           1   172800.00    
  0.0000      -1.0503      -1.2928      0.24253       0.0000       10.000    
 0.20000     -0.87849      -1.1205      0.24196      0.17238       6.7753    
 0.40000     -0.70662     -0.94807      0.24145      0.34475       4.1388    
 0.60000     -0.53469     -0.77570      0.24100      0.51713       3.2599    
 0.80000     -0.36271     -0.60332      0.24061      0.68951       2.8205    
  1.0000     -0.19066     -0.43094      0.24028      0.86189       2.5569    
  1.2000     -0.18553E-01 -0.25857      0.24001       1.0343       2.3811    
  1.4000      0.15361     -0.86189E-01  0.23980       1.2066       2.1704    
  1.6000      0.32584      0.86189E-01  0.23965       1.3790       2.0033    
  1.8000      0.49813      0.25857      0.23956       1.5514       1.8733    
  2.0000      0.67048      0.43094      0.23953       1.7238       1.7693    
cell           40  21.8           2   216000.00    
  0.0000       0.0000      -1.2928       20.954       0.0000       10.000    
 0.20000      0.17238      -1.1205       20.763      0.17238       6.1062    
 0.40000      0.34475     -0.94807       20.593      0.34475       3.4697    
 0.60000      0.51713     -0.77570       20.442      0.51713       2.5909    
 0.80000      0.68951     -0.60332       20.312      0.68951       2.1515    
  1.0000      0.86189     -0.43094       20.201      0.86189       1.8878    
  1.2000       1.0343     -0.25857       20.111       1.0343       1.7121    
  1.4000       1.2066     -0.86189E-01   20.041       1.2066       1.5865    
  1.6000       1.3790      0.86189E-01   19.991       1.3790       1.4924    
  1.8000       1.5514      0.25857       19.961       1.5514       1.4191    
  2.0000       1.7238      0.43094       19.951       1.7238       1.3605    
cell           41  23.0           1   172800.00    
  0.0000     -0.36605      -1.2707      0.90465       0.0000       10.000    
 0.20000     -0.19871      -1.1013      0.90256      0.16943       6.4707    
 0.40000     -0.31155E-01 -0.93184      0.90069      0.33885       3.9431    
 0.60000      0.13662     -0.76242      0.89904      0.50828       2.9311    
 0.80000      0.30462     -0.59299      0.89761      0.67770       2.3960    
  1.0000      0.47283     -0.42356      0.89640      0.84713       2.0747    
  1.2000      0.64127     -0.25414      0.89541       1.0166       1.8604    
  1.4000      0.80992     -0.84713E-01  0.89464       1.1860       1.7072    
  1.6000      0.97880      0.84713E-01  0.89409       1.3554       1.5922    
  1.8000       1.1479      0.25414      0.89376       1.5248       1.5026    
  2.0000       1.3172      0.42356      0.89365       1.6943       1.4309    
cell           41  23.0           2   216000.00    
  0.0000       0.0000      -1.2707       21.965       0.0000       10.000    
 0.20000      0.16943      -1.1013       21.773      0.16943       5.8403    
 0.40000      0.33885     -0.93184       21.601      0.33885       3.3127    
 0.60000      0.50828     -0.76242       21.449      0.50828       2.4702    
 0.80000      0.67770     -0.59299       21.318      0.67770       2.0489    
  1.0000      0.84713     -0.42356       21.207      0.84713       1.7962    
  1.2000       1.0166     -0.25414       21.116       1.0166       1.6277    
  1.4000       1.1860     -0.84713E-01   21.045       1.1860       1.5073    
  1.6000       1.3554      0.84713E-01   20.994       1.3554       1.4170    
  1.8000       1.5248      0.25414       20.964       1.5248       1.3468    
  2.0000       1.6943      0.42356       20.954       1.6943       1.2906    
cell           42  26.6           1   172800.00    
  0.0000     -0.93761      -1.1990      0.26136       0.0000       10.000    
 0.20000     -0.77832      -1.0391      0.26079      0.15986       5.7412    
 0.40000     -0.61896     -0.87924      0.26028      0.31972       3.4705    
 0.60000     -0.45955     -0.71938      0.25983      0.47959       2.7137    
 0.80000     -0.30008     -0.55952      0.25944      0.63945       2.3352    
  1.0000     -0.14055     -0.39966      0.25911      0.79931       2.1082    
  1.2000      0.19045E-01 -0.23979      0.25884      0.95917       1.9462    
  1.4000      0.17870     -0.79931E-01  0.25863       1.1190       1.7633    
  1.6000      0.33841      0.79931E-01  0.25848       1.2789       1.6262    
  1.8000      0.49818      0.23979      0.25839       1.4388       1.5195    
  2.0000      0.65801      0.39966      0.25836       1.5986       1.4341    
cell           42  26.6           2   216000.00    
  0.0000       0.0000      -1.1990       22.541       0.0000       10.000    
 0.20000      0.15986      -1.0391       22.351      0.15986       5.2068    
 0.40000      0.31972     -0.87924       22.180      0.31972       2.9362    
 0.60000      0.47959     -0.71938       22.030      0.47959       2.1793    
 0.80000      0.63945     -0.55952       21.899      0.63945       1.8009    
  1.0000      0.79931     -0.39966       21.789      0.79931       1.5738    
  1.2000      0.95917     -0.23979       21.699      0.95917       1.4224    
  1.4000       1.1190     -0.79931E-01   21.628       1.1190       1.3143    
  1.6000       1.2789      0.79931E-01   21.578       1.2789       1.2332    
  1.8000       1.4388      0.23979       21.548       1.4388       1.1701    
  2.0000       1.5986      0.39966       21.538       1.5986       1.1197    
cell           43  26.3           1   172800.00    
  0.0000     -0.94522      -1.2052      0.26001       0.0000       10.000    
 0.20000     -0.78509      -1.0445      0.25944      0.16070       5.7932    
 0.40000     -0.62491     -0.88384      0.25893      0.32140       3.5045    
 0.60000     -0.46466     -0.72314      0.25848      0.48209       2.7416    
 0.80000     -0.30435     -0.56244      0.25809      0.64279       2.3601    
  1.0000     -0.14398     -0.40174      0.25776      0.80349       2.1312    
  1.2000      0.16444E-01 -0.24105      0.25749      0.96419       1.9694    
  1.4000      0.17693     -0.80349E-01  0.25728       1.1249       1.7845    
  1.6000      0.33748      0.80349E-01  0.25713       1.2856       1.6458    
  1.8000      0.49809      0.24105      0.25704       1.4463       1.5379    
  2.0000      0.65875      0.40174      0.25701       1.6070       1.4515    
cell           43  26.3           2   216000.00    
  0.0000       0.0000      -1.2052       22.428       0.0000       10.000    
 0.20000      0.16070      -1.0445       22.237      0.16070       5.2517    
 0.40000      0.32140     -0.88384       22.066      0.32140       2.9630    
 0.60000      0.48209     -0.72314       21.916      0.48209       2.2001    
 0.80000      0.64279     -0.56244       21.786      0.64279       1.8187    
  1.0000      0.80349     -0.40174       21.675      0.80349       1.5898    
  1.2000      0.96419     -0.24105       21.585      0.96419       1.4372    
  1.4000       1.1249     -0.80349E-01   21.515       1.1249       1.3282    
  1.6000       1.2856      0.80349E-01   21.465       1.2856       1.2465    
  1.8000       1.4463      0.24105       21.435       1.4463       1.1829    
  2.0000       1.6070      0.40174       21.425       1.6070       1.1321    
cell           44  32.5           1   172800.00    
  0.0000     -0.73175      -1.0667      0.33491       0.0000       10.000    
 0.17500     -0.60780     -0.94222      0.33442      0.12444       5.5286    
 0.35000     -0.48381     -0.81778      0.33397      0.24889       3.2359    
 0.52500     -0.35976     -0.69333      0.33358      0.37333       2.4717    
 0.70000     -0.23565     -0.56889      0.33323      0.49778       2.0895    
 0.87500     -0.11150     -0.44444      0.33295      0.62222       1.8603    
  1.0500      0.12710E-01 -0.32000      0.33271      0.74666       1.7003    
  1.2250      0.13697     -0.19556      0.33253      0.87111       1.5322    
  1.4000      0.26128     -0.71111E-01  0.33239      0.99555       1.4061    
  1.5750      0.38565      0.53333E-01  0.33232       1.1200       1.3080    
  1.7500      0.51007      0.17778      0.33229       1.2444       1.2296    
cell           44  32.5           2   216000.00    
  0.0000       0.0000      -1.0667       28.682       0.0000       10.000    
 0.17500      0.12444     -0.94222       28.515      0.12444       5.1086    
 0.35000      0.24889     -0.81778       28.366      0.24889       2.8159    
 0.52500      0.37333     -0.69333       28.234      0.37333       2.0516    
 0.70000      0.49778     -0.56889       28.120      0.49778       1.6695    
 0.87500      0.62222     -0.44444       28.024      0.62222       1.4402    
  1.0500      0.74666     -0.32000       27.945      0.74666       1.2874    
  1.2250      0.87111     -0.19556       27.883      0.87111       1.1782    
  1.4000      0.99555     -0.71111E-01   27.839      0.99555       1.0963    
  1.5750       1.1200      0.53333E-01   27.813       1.1200       1.0326    
  1.7500       1.2444      0.17778       27.804       1.2444      0.98169    
cell           45  35.0           1   172800.00    
  0.0000     -0.45852     -0.87205      0.41354       0.0000       10.000    
 0.15000     -0.35832     -0.77143      0.41311      0.10062       6.0178    
 0.30000     -0.25808     -0.67081      0.41273      0.20124       3.4379    
 0.45000     -0.15780     -0.57019      0.41239      0.30186       2.5780    
 0.60000     -0.57471E-01 -0.46957      0.41210      0.40249       2.1480    
 0.75000      0.42903E-01 -0.36895      0.41185      0.50311       1.8575    
 0.90000      0.14332     -0.26832      0.41165      0.60373       1.6273    
  1.0500      0.24379     -0.16770      0.41149      0.70435       1.4629    
  1.2000      0.34429     -0.67081E-01  0.41138      0.80497       1.3396    
  1.3500      0.44485      0.33541E-01  0.41131      0.90559       1.2437    
  1.5000      0.54545      0.13416      0.41129       1.0062       1.1669    
cell           45  35.0           2   216000.00    
  0.0000       0.0000     -0.87205       35.250       0.0000       10.000    
 0.15000      0.10062     -0.77143       35.107      0.10062       5.6356    
 0.30000      0.20124     -0.67081       34.979      0.20124       3.0558    
 0.45000      0.30186     -0.57019       34.866      0.30186       2.1959    
 0.60000      0.40249     -0.46957       34.768      0.40249       1.7659    
 0.75000      0.50311     -0.36895       34.686      0.50311       1.5079    
 0.90000      0.60373     -0.26832       34.618      0.60373       1.3359    
  1.0500      0.70435     -0.16770       34.565      0.70435       1.2131    
  1.2000      0.80497     -0.67081E-01   34.528      0.80497       1.1209    
  1.3500      0.90559      0.33541E-01   34.505      0.90559       1.0493    
  1.5000       1.0062      0.13416       34.498       1.0062      0.99194    
cell           46  32.5           1   172800.00    
  0.0000     -0.73175      -1.0667      0.33491       0.0000       10.000    
 0.17500     -0.60780     -0.94222      0.33442      0.12444       5.5286    
 0.35000     -0.48381     -0.81778      0.33397      0.24889       3.2359    
 0.52500     -0.35976     -0.69333      0.33358      0.37333       2.4717    
 0.70000     -0.23565     -0.56889      0.33323      0.49778       2.0895    
 0.87500     -0.11150     -0.44444      0.33295      0.62222       1.8603    
  1.0500      0.12710E-01 -0.32000      0.33271      0.74666       1.7003    
  1.2250      0.13697     -0.19556      0.33253      0.87111       1.5322    
  1.4000      0.26128     -0.71111E-01  0.33239      0.99555       1.4061    
  1.5750      0.38565      0.53333E-01  0.33232       1.1200       1.3080    
  1.7500      0.51007      0.17778      0.33229       1.2444       1.2296    
cell           46  32.5           2   216000.00    
  0.0000       0.0000      -1.0667       28.682       0.0000       10.000    
 0.17500      0.12444     -0.94222       28.515      0.12444       5.1086    
 0.35000      0.24889     -0.81778       28.366      0.24889       2.8159    
 0.52500      0.37333     -0.69333       28.234      0.37333       2.0516    
 0.70000      0.49778     -0.56889       28.120      0.49778       1.6695    
 0.87500      0.62222     -0.44444       28.024      0.62222       1.4402    
  1.0500      0.74666     -0.32000       27.945      0.74666       1.2874    
  1.2250      0.87111     -0.19556       27.883      0.87111       1.1782    
  1.4000      0.99555     -0.71111E-01   27.839      0.99555       1.0963    
  1.5750       1.1200      0.53333E-01   27.813       1.1200       1.0326    
  1.7500       1.2444      0.17778       27.804       1.2444      0.98169    
cell           47  31.0           1   172800.00    
  0.0000     -0.80283      -1.1018      0.29898       0.0000       10.000    
 0.19000     -0.66381     -0.96224      0.29844      0.13956       5.3352    
 0.38000     -0.52473     -0.82268      0.29795      0.27912       3.1676    
 0.57000     -0.38559     -0.68312      0.29752      0.41869       2.4451    
 0.76000     -0.24640     -0.54356      0.29715      0.55825       2.0838    
 0.95000     -0.10715     -0.40399      0.29684      0.69781       1.8670    
  1.1400      0.32151E-01 -0.26443      0.29658      0.83737       1.7054    
  1.3300      0.17151     -0.12487      0.29638      0.97693       1.5411    
  1.5200      0.31093      0.14691E-01  0.29624       1.1165       1.4179    
  1.7100      0.45041      0.15425      0.29616       1.2561       1.3220    
  1.9000      0.58994      0.29381      0.29613       1.3956       1.2453    
cell           47  31.0           2   216000.00    
  0.0000       0.0000      -1.1018       25.689       0.0000       10.000    
 0.19000      0.13956     -0.96224       25.508      0.13956       4.8899    
 0.38000      0.27912     -0.82268       25.346      0.27912       2.7223    
 0.57000      0.41869     -0.68312       25.203      0.41869       1.9997    
 0.76000      0.55825     -0.54356       25.079      0.55825       1.6385    
 0.95000      0.69781     -0.40399       24.974      0.69781       1.4217    
  1.1400      0.83737     -0.26443       24.888      0.83737       1.2772    
  1.3300      0.97693     -0.12487       24.822      0.97693       1.1740    
  1.5200       1.1165      0.14691E-01   24.774       1.1165       1.0966    
  1.7100       1.2561      0.15425       24.745       1.2561       1.0364    
  1.9000       1.3956      0.29381       24.736       1.3956      0.98819    
cell           48  26.6           1   172800.00    
  0.0000     -0.93761      -1.1990      0.26136       0.0000       10.000    
 0.20000     -0.77832      -1.0391      0.26079      0.15986       5.7412    
 0.40000     -0.61896     -0.87924      0.26028      0.31972       3.4705    
 0.60000     -0.45955     -0.71938      0.25983      0.47959       2.7137    
 0.80000     -0.30008     -0.55952      0.25944      0.63945       2.3352    
  1.0000     -0.14055     -0.39966      0.25911      0.79931       2.1082    
  1.2000      0.19045E-01 -0.23979      0.25884      0.95917       1.9462    
  1.4000      0.17870     -0.79931E-01  0.25863       1.1190       1.7633    
  1.6000      0.33841      0.79931E-01  0.25848       1.2789       1.6262    
  1.8000      0.49818      0.23979      0.25839       1.4388       1.5195    
  2.0000      0.65801      0.39966      0.25836       1.5986       1.4341    
cell           48  26.6           2   216000.00    
  0.0000       0.0000      -1.1990       22.541       0.0000       10.000    
 0.20000      0.15986      -1.0391       22.351      0.15986       5.2068    
 0.40000      0.31972     -0.87924       22.180      0.31972       2.9362    
 0.60000      0.47959     -0.71938       22.030      0.47959       2.1793    
 0.80000      0.63945     -0.55952       21.899      0.63945       1.8009    
  1.0000      0.79931     -0.39966       21.789      0.79931       1.5738    
  1.2000      0.95917     -0.23979       21.699      0.95917       1.4224    
  1.4000       1.1190     -0.79931E-01   21.628       1.1190       1.3143    
  1.6000       1.2789      0.79931E-01   21.578       1.2789       1.2332    
  1.8000       1.4388      0.23979       21.548       1.4388       1.1701    
  2.0000       1.5986      0.39966       21.538       1.5986       1.1197    
cell           49  26.6           1   172800.00    
  0.0000     -0.93761      -1.1990      0.26136       0.0000       10.000    
 0.20000     -0.77832      -1.0391      0.26079      0.15986       5.7412    
 0.40000     -0.61896     -0.87924      0.26028      0.31972       3.4705    
 0.60000     -0.45955     -0.71938      0.25983      0.47959       2.7137    
 0.80000     -0.30008     -0.55952      0.25944      0.63945       2.3352    
  1.0000     -0.14055     -0.39966      0.25911      0.79931       2.1082    
  1.2000      0.19045E-01 -0.23979      0.25884      0.95917       1.9462    
  1.4000      0.17870     -0.79931E-01  0.25863       1.1190       1.7633    
  1.6000      0.33841      0.79931E-01  0.25848       1.2789       1.6262    
  1.8000      0.49818      0.23979      0.25839       1.4388       1.5195    
  2.0000      0.65801      0.39966      0.25836       1.5986       1.4341    
cell           49  26.6           2   216000.00    
  0.0000       0.0000      -1.1990       22.541       0.0000       10.000    
 0.20000      0.15986      -1.0391       22.351      0.15986       5.2068    
 0.40000      0.31972     -0.87924       22.180      0.31972       2.9362    
 0.60000      0.47959     -0.71938       22.030      0.47959       2.1793    
 0.80000      0.63945     -0.55952       21.899      0.63945       1.8009    
  1.0000      0.79931     -0.39966       21.789      0.79931       1.5738    
  1.2000      0.95917     -0.23979       21.699      0.95917       1.4224    
  1.4000       1.1190     -0.79931E-01   21.628       1.1190       1.3143    
  1.6000       1.2789      0.79931E-01   21.578       1.2789       1.2332    
  1.8000       1.4388      0.23979       21.548       1.4388       1.1701    
  2.0000       1.5986      0.39966       21.538       1.5986       1.1197    
cell           50  16.7           1   172800.00    
  0.0000      -1.1478      -1.3758      0.22802       0.0000       10.000    
 0.20000     -0.96494      -1.1924      0.22745      0.18344       8.6086    
 0.40000     -0.78200      -1.0089      0.22694      0.36689       5.3057    
 0.60000     -0.59901     -0.82550      0.22649      0.55033       4.2047    
 0.80000     -0.41595     -0.64206      0.22610      0.73378       3.6542    
  1.0000     -0.23284     -0.45861      0.22577      0.91722       3.3239    
  1.2000     -0.49663E-01 -0.27517      0.22550       1.1007       3.1037    
  1.4000      0.13357     -0.91722E-01  0.22529       1.2841       2.8537    
  1.6000      0.31687      0.91722E-01  0.22514       1.4676       2.6359    
  1.8000      0.50022      0.27517      0.22505       1.6510       2.4665    
  2.0000      0.68364      0.45861      0.22502       1.8344       2.3310    
cell           50  16.7           2   216000.00    
  0.0000       0.0000      -1.3758       19.730       0.0000       10.000    
 0.20000      0.18344      -1.1924       19.539      0.18344       7.7166    
 0.40000      0.36689      -1.0089       19.369      0.36689       4.4137    
 0.60000      0.55033     -0.82550       19.219      0.55033       3.3128    
 0.80000      0.73378     -0.64206       19.088      0.73378       2.7623    
  1.0000      0.91722     -0.45861       18.978      0.91722       2.4320    
  1.2000       1.1007     -0.27517       18.888       1.1007       2.2118    
  1.4000       1.2841     -0.91722E-01   18.817       1.2841       2.0545    
  1.6000       1.4676      0.91722E-01   18.767       1.4676       1.9365    
  1.8000       1.6510      0.27517       18.737       1.6510       1.8448    
  2.0000       1.8344      0.45861       18.727       1.8344       1.7714    
cell           51  26.6           1   172800.00    
  0.0000     -0.93761      -1.1990      0.26136       0.0000       10.000    
 0.20000     -0.77832      -1.0391      0.26079      0.15986       5.7412    
 0.40000     -0.61896     -0.87924      0.26028      0.31972       3.4705    
 0.60000     -0.45955     -0.71938      0.25983      0.47959       2.7137    
 0.80000     -0.30008     -0.55952      0.25944      0.63945       2.3352    
  1.0000     -0.14055     -0.39966      0.25911      0.79931       2.1082    
  1.2000      0.19045E-01 -0.23979      0.25884      0.95917       1.9462    
  1.4000      0.17870     -0.79931E-01  0.25863       1.1190       1.7633    
  1.6000      0.33841      0.79931E-01  0.25848       1.2789       1.6262    
  1.8000      0.49818      0.23979      0.25839       1.4388       1.5195    
  2.0000      0.65801      0.39966      0.25836       1.5986       1.4341    
cell           51  26.6           2   216000.00    
  0.0000       0.0000      -1.1990       22.541       0.0000       10.000    
 0.20000      0.15986      -1.0391       22.351      0.15986       5.2068    
 0.40000      0.31972     -0.87924       22.180      0.31972       2.9362    
 0.60000      0.47959     -0.71938       22.030      0.47959       2.1793    
 0.80000      0.63945     -0.55952       21.899      0.63945       1.8009    
  1.0000      0.79931     -0.39966       21.789      0.79931       1.5738    
  1.2000      0.95917     -0.23979       21.699      0.95917       1.4224    
  1.4000       1.1190     -0.79931E-01   21.628       1.1190       1.3143    
  1.6000       1.2789      0.79931E-01   21.578       1.2789       1.2332    
  1.8000       1.4388      0.23979       21.548       1.4388       1.1701    
  2.0000       1.5986      0.39966       21.538       1.5986       1.1197    
cell           52  29.5           1   172800.00    
  0.0000     -0.86024      -1.1360      0.27574       0.0000       10.000    
 0.20000     -0.70935     -0.98451      0.27517      0.15146       5.3043    
 0.40000     -0.55840     -0.83305      0.27466      0.30293       3.1832    
 0.60000     -0.40738     -0.68159      0.27421      0.45439       2.4761    
 0.80000     -0.25631     -0.53012      0.27382      0.60586       2.1226    
  1.0000     -0.10517     -0.37866      0.27349      0.75732       1.9105    
  1.2000      0.46020E-01 -0.22720      0.27322      0.90878       1.7451    
  1.4000      0.19727     -0.75732E-01  0.27301       1.0602       1.5801    
  1.6000      0.34859      0.75732E-01  0.27286       1.2117       1.4562    
  1.8000      0.49996      0.22720      0.27277       1.3632       1.3599    
  2.0000      0.65140      0.37866      0.27274       1.5146       1.2828    
cell           52  29.5           2   216000.00    
  0.0000       0.0000      -1.1360       23.754       0.0000       10.000    
 0.20000      0.15146     -0.98451       23.563      0.15146       4.8314    
 0.40000      0.30293     -0.83305       23.393      0.30293       2.7102    
 0.60000      0.45439     -0.68159       23.242      0.45439       2.0032    
 0.80000      0.60586     -0.53012       23.112      0.60586       1.6496    
  1.0000      0.75732     -0.37866       23.001      0.75732       1.4375    
  1.2000      0.90878     -0.22720       22.911      0.90878       1.2961    
  1.4000       1.0602     -0.75732E-01   22.841       1.0602       1.1951    
  1.6000       1.2117      0.75732E-01   22.791       1.2117       1.1193    
  1.8000       1.3632      0.22720       22.761       1.3632       1.0604    
  2.0000       1.5146      0.37866       22.751       1.5146       1.0133    
cell           53  35.0           1   172800.00    
  0.0000     -0.45852     -0.87205      0.41354       0.0000       10.000    
 0.15000     -0.35832     -0.77143      0.41311      0.10062       6.0178    
 0.30000     -0.25808     -0.67081      0.41273      0.20124       3.4379    
 0.45000     -0.15780     -0.57019      0.41239      0.30186       2.5780    
 0.60000     -0.57471E-01 -0.46957      0.41210      0.40249       2.1480    
 0.75000      0.42903E-01 -0.36895      0.41185      0.50311       1.8575    
 0.90000      0.14332     -0.26832      0.41165      0.60373       1.6273    
  1.0500      0.24379     -0.16770      0.41149      0.70435       1.4629    
  1.2000      0.34429     -0.67081E-01  0.41138      0.80497       1.3396    
  1.3500      0.44485      0.33541E-01  0.41131      0.90559       1.2437    
  1.5000      0.54545      0.13416      0.41129       1.0062       1.1669    
cell           53  35.0           2   216000.00    
  0.0000       0.0000     -0.87205       35.250       0.0000       10.000    
 0.15000      0.10062     -0.77143       35.107      0.10062       5.6356    
 0.30000      0.20124     -0.67081       34.979      0.20124       3.0558    
 0.45000      0.30186     -0.57019       34.866      0.30186       2.1959    
 0.60000      0.40249     -0.46957       34.768      0.40249       1.7659    
 0.75000      0.50311     -0.36895       34.686      0.50311       1.5079    
 0.90000      0.60373     -0.26832       34.618      0.60373       1.3359    
  1.0500      0.70435     -0.16770       34.565      0.70435       1.2131    
  1.2000      0.80497     -0.67081E-01   34.528      0.80497       1.1209    
  1.3500      0.90559      0.33541E-01   34.505      0.90559       1.0493    
  1.5000       1.0062      0.13416       34.498       1.0062      0.99194    
cell           54  31.0           1   172800.00    
  0.0000     -0.80283      -1.1018      0.29898       0.0000       10.000    
 0.19000     -0.66381     -0.96224      0.29844      0.13956       5.3352    
 0.38000     -0.52473     -0.82268      0.29795      0.27912       3.1676    
 0.57000     -0.38559     -0.68312      0.29752      0.41869       2.4451    
 0.76000     -0.24640     -0.54356      0.29715      0.55825       2.0838    
 0.95000     -0.10715     -0.40399      0.29684      0.69781       1.8670    
  1.1400      0.32151E-01 -0.26443      0.29658      0.83737       1.7054    
  1.3300      0.17151     -0.12487      0.29638      0.97693       1.5411    
  1.5200      0.31093      0.14691E-01  0.29624       1.1165       1.4179    
  1.7100      0.45041      0.15425      0.29616       1.2561       1.3220    
  1.9000      0.58994      0.29381      0.29613       1.3956       1.2453    
cell           54  31.0           2   216000.00    
  0.0000       0.0000      -1.1018       25.689       0.0000       10.000    
 0.19000      0.13956     -0.96224       25.508      0.13956       4.8899    
 0.38000      0.27912     -0.82268       25.346      0.27912       2.7223    
 0.57000      0.41869     -0.68312       25.203      0.41869       1.9997    
 0.76000      0.55825     -0.54356       25.079      0.55825       1.6385    
 0.95000      0.69781     -0.40399       24.974      0.69781       1.4217    
  1.1400      0.83737     -0.26443       24.888      0.83737       1.2772    
  1.3300      0.97693     -0.12487       24.822      0.97693       1.1740    
  1.5200       1.1165      0.14691E-01   24.774       1.1165       1.0966    
  1.7100       1.2561      0.15425       24.745       1.2561       1.0364    
  1.9000       1.3956      0.29381       24.736       1.3956      0.98819    
cell           55  29.5           1   172800.00    
  0.0000     -0.86024      -1.1360      0.27574       0.0000       10.000    
 0.20000     -0.70935     -0.98451      0.27517      0.15146       5.3043    
 0.40000     -0.55840     -0.83305      0.27466      0.30293       3.1832    
 0.60000     -0.40738     -0.68159      0.27421      0.45439       2.4761    
 0.80000     -0.25631     -0.53012      0.27382      0.60586       2.1226    
  1.0000     -0.10517     -0.37866      0.27349      0.75732       1.9105    
  1.2000      0.46020E-01 -0.22720      0.27322      0.90878       1.7451    
  1.4000      0.19727     -0.75732E-01  0.27301       1.0602       1.5801    
  1.6000      0.34859      0.75732E-01  0.27286       1.2117       1.4562    
  1.8000      0.49996      0.22720      0.27277       1.3632       1.3599    
  2.0000      0.65140      0.37866      0.27274       1.5146       1.2828    
cell           55  29.5           2   216000.00    
  0.0000       0.0000      -1.1360       23.754       0.0000       10.000    
 0.20000      0.15146     -0.98451       23.563      0.15146       4.8314    
 0.40000      0.30293     -0.83305       23.393      0.30293       2.7102    
 0.60000      0.45439     -0.68159       23.242      0.45439       2.0032    
 0.80000      0.60586     -0.53012       23.112      0.60586       1.6496    
  1.0000      0.75732     -0.37866       23.001      0.75732       1.4375    
  1.2000      0.90878     -0.22720       22.911      0.90878       1.2961    
  1.4000       1.0602     -0.75732E-01   22.841       1.0602       1.1951    
  1.6000       1.2117      0.75732E-01   22.791       1.2117       1.1193    
  1.8000       1.3632      0.22720       22.761       1.3632       1.0604    
  2.0000       1.5146      0.37866       22.751       1.5146       1.0133    
cell           56  31.0           1   172800.00    
  0.0000     -0.80283      -1.1018      0.29898       0.0000       10.000    
 0.19000     -0.66381     -0.96224      0.29844      0.13956       5.3352    
 0.38000     -0.52473     -0.82268      0.29795      0.27912       3.1676    
 0.57000     -0.38559     -0.68312      0.29752      0.41869       2.4451    
 0.76000     -0.24640     -0.54356      0.29715      0.55825       2.0838    
 0.95000     -0.10715     -0.40399      0.29684      0.69781       1.8670    
  1.1400      0.32151E-01 -0.26443      0.29658      0.83737       1.7054    
  1.3300      0.17151     -0.12487      0.29638      0.97693       1.5411    
  1.5200      0.31093      0.14691E-01  0.29624       1.1165       1.4179    
  1.7100      0.45041      0.15425      0.29616       1.2561       1.3220    
  1.9000      0.58994      0.29381      0.29613       1.3956       1.2453    
cell           56  31.0           2   216000.00    
  0.0000       0.0000      -1.1018       25.689       0.0000       10.000    
 0.19000      0.13956     -0.96224       25.508      0.13956       4.8899    
 0.38000      0.27912     -0.82268       25.346      0.27912       2.7223    
 0.57000      0.41869     -0.68312       25.203      0.41869       1.9997    
 0.76000      0.55825     -0.54356       25.079      0.55825       1.6385    
 0.95000      0.69781     -0.40399       24.974      0.69781       1.4217    
  1.1400      0.83737     -0.26443       24.888      0.83737       1.2772    
  1.3300      0.97693     -0.12487       24.822      0.97693       1.1740    
  1.5200       1.1165      0.14691E-01   24.774       1.1165       1.0966    
  1.7100       1.2561      0.15425       24.745       1.2561       1.0364    
  1.9000       1.3956      0.29381       24.736       1.3956      0.98819    
cell           57  21.8           1   172800.00    
  0.0000      -1.0503      -1.2928      0.24253       0.0000       10.000    
 0.20000     -0.87849      -1.1205      0.24196      0.17238       6.7753    
 0.40000     -0.70662     -0.94807      0.24145      0.34475       4.1388    
 0.60000     -0.53469     -0.77570      0.24100      0.51713       3.2599    
 0.80000     -0.36271     -0.60332      0.24061      0.68951       2.8205    
  1.0000     -0.19066     -0.43094      0.24028      0.86189       2.5569    
  1.2000     -0.18553E-01 -0.25857      0.24001       1.0343       2.3811    
  1.4000      0.15361     -0.86189E-01  0.23980       1.2066       2.1704    
  1.6000      0.32584      0.86189E-01  0.23965       1.3790       2.0033    
  1.8000      0.49813      0.25857      0.23956       1.5514       1.8733    
  2.0000      0.67048      0.43094      0.23953       1.7238       1.7693    
cell           57  21.8           2   216000.00    
  0.0000       0.0000      -1.2928       20.954       0.0000       10.000    
 0.20000      0.17238      -1.1205       20.763      0.17238       6.1062    
 0.40000      0.34475     -0.94807       20.593      0.34475       3.4697    
 0.60000      0.51713     -0.77570       20.442      0.51713       2.5909    
 0.80000      0.68951     -0.60332       20.312      0.68951       2.1515    
  1.0000      0.86189     -0.43094       20.201      0.86189       1.8878    
  1.2000       1.0343     -0.25857       20.111       1.0343       1.7121    
  1.4000       1.2066     -0.86189E-01   20.041       1.2066       1.5865    
  1.6000       1.3790      0.86189E-01   19.991       1.3790       1.4924    
  1.8000       1.5514      0.25857       19.961       1.5514       1.4191    
  2.0000       1.7238      0.43094       19.951       1.7238       1.3605    
cell           58  16.7           1   172800.00    
  0.0000      -1.1478      -1.3758      0.22802       0.0000       10.000    
 0.20000     -0.96494      -1.1924      0.22745      0.18344       8.6086    
 0.40000     -0.78200      -1.0089      0.22694      0.36689       5.3057    
 0.60000     -0.59901     -0.82550      0.22649      0.55033       4.2047    
 0.80000     -0.41595     -0.64206      0.22610      0.73378       3.6542    
  1.0000     -0.23284     -0.45861      0.22577      0.91722       3.3239    
  1.2000     -0.49663E-01 -0.27517      0.22550       1.1007       3.1037    
  1.4000      0.13357     -0.91722E-01  0.22529       1.2841       2.8537    
  1.6000      0.31687      0.91722E-01  0.22514       1.4676       2.6359    
  1.8000      0.50022      0.27517      0.22505       1.6510       2.4665    
  2.0000      0.68364      0.45861      0.22502       1.8344       2.3310    
cell           58  16.7           2   216000.00    
  0.0000       0.0000      -1.3758       19.730       0.0000       10.000    
 0.20000      0.18344      -1.1924       19.539      0.18344       7.7166    
 0.40000      0.36689      -1.0089       19.369      0.36689       4.4137    
 0.60000      0.55033     -0.82550       19.219      0.55033       3.3128    
 0.80000      0.73378     -0.64206       19.088      0.73378       2.7623    
  1.0000      0.91722     -0.45861       18.978      0.91722       2.4320    
  1.2000       1.1007     -0.27517       18.888       1.1007       2.2118    
  1.4000       1.2841     -0.91722E-01   18.817       1.2841       2.0545    
  1.6000       1.4676      0.91722E-01   18.767       1.4676       1.9365    
  1.8000       1.6510      0.27517       18.737       1.6510       1.8448    
  2.0000       1.8344      0.45861       18.727       1.8344       1.7714    
cell           59   8.0           1   172800.00    
  0.0000      -1.2572      -1.4706      0.21346       0.0000       10.000    
 0.20000      -1.0617      -1.2746      0.21289      0.19609       10.000    
 0.40000     -0.86610      -1.0785      0.21238      0.39217       10.000    
 0.60000     -0.67046     -0.88239      0.21193      0.58826       8.6729    
 0.80000     -0.47477     -0.68630      0.21154      0.78434       7.5735    
  1.0000     -0.27901     -0.49022      0.21121      0.98043       6.9139    
  1.2000     -0.83194E-01 -0.29413      0.21094       1.1765       6.4741    
  1.4000      0.11268     -0.98043E-01  0.21073       1.3726       6.0037    
  1.6000      0.30862      0.98043E-01  0.21058       1.5687       5.5498    
  1.8000      0.50461      0.29413      0.21049       1.7648       5.1967    
  2.0000      0.70067      0.49022      0.21046       1.9609       4.9142    
cell           59   8.0           2   216000.00    
  0.0000       0.0000      -1.4706       18.501       0.0000       10.000    
 0.20000      0.19609      -1.2746       18.311      0.19609       10.000    
 0.40000      0.39217      -1.0785       18.140      0.39217       8.9675    
 0.60000      0.58826     -0.88239       17.990      0.58826       6.7688    
 0.80000      0.78434     -0.68630       17.860      0.78434       5.6694    
  1.0000      0.98043     -0.49022       17.749      0.98043       5.0098    
  1.2000       1.1765     -0.29413       17.659       1.1765       4.5700    
  1.4000       1.3726     -0.98043E-01   17.589       1.3726       4.2559    
  1.6000       1.5687      0.98043E-01   17.539       1.5687       4.0203    
  1.8000       1.7648      0.29413       17.508       1.7648       3.8371    
  2.0000       1.9609      0.49022       17.498       1.9609       3.6905    
cell           60   4.0           1   172800.00    
  0.0000      -1.2820      -1.4924      0.21037       0.0000       10.000    
 0.20000      -1.0836      -1.2934      0.20980      0.19899       10.000    
 0.40000     -0.88513      -1.0944      0.20929      0.39797       10.000    
 0.60000     -0.68660     -0.89544      0.20884      0.59696       10.000    
 0.80000     -0.48800     -0.69645      0.20845      0.79595       10.000    
  1.0000     -0.28934     -0.49747      0.20812      0.99493       10.000    
  1.2000     -0.90626E-01 -0.29848      0.20785       1.1939       10.000    
  1.4000      0.10815     -0.99493E-01  0.20764       1.3929       10.000    
  1.6000      0.30699      0.99493E-01  0.20749       1.5919       10.000    
  1.8000      0.50588      0.29848      0.20740       1.7909       10.000    
  2.0000      0.70484      0.49747      0.20737       1.9899       9.8500    
cell           60   4.0           2   216000.00    
  0.0000       0.0000      -1.4924       18.242       0.0000       10.000    
 0.20000      0.19899      -1.2934       18.051      0.19899       10.000    
 0.40000      0.39797      -1.0944       17.880      0.39797       10.000    
 0.60000      0.59696     -0.89544       17.730      0.59696       10.000    
 0.80000      0.79595     -0.69645       17.600      0.79595       10.000    
  1.0000      0.99493     -0.49747       17.489      0.99493       9.9915    
  1.2000       1.1939     -0.29848       17.399       1.1939       9.1205    
  1.4000       1.3929     -0.99493E-01   17.329       1.3929       8.4984    
  1.6000       1.5919      0.99493E-01   17.279       1.5919       8.0319    
  1.8000       1.7909      0.29848       17.249       1.7909       7.6690    
  2.0000       1.9899      0.49747       17.239       1.9899       7.3787    
cell           61  29.5           1   172800.00    
  0.0000     -0.86024      -1.1360      0.27574       0.0000       10.000    
 0.20000     -0.70935     -0.98451      0.27517      0.15146       5.3043    
 0.40000     -0.55840     -0.83305      0.27466      0.30293       3.1832    
 0.60000     -0.40738     -0.68159      0.27421      0.45439       2.4761    
 0.80000     -0.25631     -0.53012      0.27382      0.60586       2.1226    
  1.0000     -0.10517     -0.37866      0.27349      0.75732       1.9105    
  1.2000      0.46020E-01 -0.22720      0.27322      0.90878       1.7451    
  1.4000      0.19727     -0.75732E-01  0.27301       1.0602       1.5801    
  1.6000      0.34859      0.75732E-01  0.27286       1.2117       1.4562    
  1.8000      0.49996      0.22720      0.27277       1.3632       1.3599    
  2.0000      0.65140      0.37866      0.27274       1.5146       1.2828    
cell           61  29.5           2   216000.00    
  0.0000       0.0000      -1.1360       23.754       0.0000       10.000    
 0.20000      0.15146     -0.98451       23.563      0.15146       4.8314    
 0.40000      0.30293     -0.83305       23.393      0.30293       2.7102    
 0.60000      0.45439     -0.68159       23.242      0.45439       2.0032    
 0.80000      0.60586     -0.53012       23.112      0.60586       1.6496    
  1.0000      0.75732     -0.37866       23.001      0.75732       1.4375    
  1.2000      0.90878     -0.22720       22.911      0.90878       1.2961    
  1.4000       1.0602     -0.75732E-01   22.841       1.0602       1.1951    
  1.6000       1.2117      0.75732E-01   22.791       1.2117       1.1193    
  1.8000       1.3632      0.22720       22.761       1.3632       1.0604    
  2.0000       1.5146      0.37866       22.751       1.5146       1.0133    
cell           62  31.0           1   172800.00    
  0.0000     -0.80283      -1.1018      0.29898       0.0000       10.000    
 0.19000     -0.66381     -0.96224      0.29844      0.13956       5.3352    
 0.38000     -0.52473     -0.82268      0.29795      0.27912       3.1676    
 0.57000     -0.38559     -0.68312      0.29752      0.41869       2.4451    
 0.76000     -0.24640     -0.54356      0.29715      0.55825       2.0838    
 0.95000     -0.10715     -0.40399      0.29684      0.69781       1.8670    
  1.1400      0.32151E-01 -0.26443      0.29658      0.83737       1.7054    
  1.3300      0.17151     -0.12487      0.29638      0.97693       1.5411    
  1.5200      0.31093      0.14691E-01  0.29624       1.1165       1.4179    
  1.7100      0.45041      0.15425      0.29616       1.2561       1.3220    
  1.9000      0.58994      0.29381      0.29613       1.3956       1.2453    
cell           62  31.0           2   216000.00    
  0.0000       0.0000      -1.1018       25.689       0.0000       10.000    
 0.19000      0.13956     -0.96224       25.508      0.13956       4.8899    
 0.38000      0.27912     -0.82268       25.346      0.27912       2.7223    
 0.57000      0.41869     -0.68312       25.203      0.41869       1.9997    
 0.76000      0.55825     -0.54356       25.079      0.55825       1.6385    
 0.95000      0.69781     -0.40399       24.974      0.69781       1.4217    
  1.1400      0.83737     -0.26443       24.888      0.83737       1.2772    
  1.3300      0.97693     -0.12487       24.822      0.97693       1.1740    
  1.5200       1.1165      0.14691E-01   24.774       1.1165       1.0966    
  1.7100       1.2561      0.15425       24.745       1.2561       1.0364    
  1.9000       1.3956      0.29381       24.736       1.3956      0.98819    
cell           63  26.6           1   172800.00    
  0.0000     -0.93761      -1.1990      0.26136       0.0000       10.000    
 0.20000     -0.77832      -1.0391      0.26079      0.15986       5.7412    
 0.40000     -0.61896     -0.87924      0.26028      0.31972       3.4705    
 0.60000     -0.45955     -0.71938      0.25983      0.47959       2.7137    
 0.80000     -0.30008     -0.55952      0.25944      0.63945       2.3352    
  1.0000     -0.14055     -0.39966      0.25911      0.79931       2.1082    
  1.2000      0.19045E-01 -0.23979      0.25884      0.95917       1.9462    
  1.4000      0.17870     -0.79931E-01  0.25863       1.1190       1.7633    
  1.6000      0.33841      0.79931E-01  0.25848       1.2789       1.6262    
  1.8000      0.49818      0.23979      0.25839       1.4388       1.5195    
  2.0000      0.65801      0.39966      0.25836       1.5986       1.4341    
cell           63  26.6           2   216000.00    
  0.0000       0.0000      -1.1990       22.541       0.0000       10.000    
 0.20000      0.15986      -1.0391       22.351      0.15986       5.2068    
 0.40000      0.31972     -0.87924       22.180      0.31972       2.9362    
 0.60000      0.47959     -0.71938       22.030      0.47959       2.1793    
 0.80000      0.63945     -0.55952       21.899      0.63945       1.8009    
  1.0000      0.79931     -0.39966       21.789      0.79931       1.5738    
  1.2000      0.95917     -0.23979       21.699      0.95917       1.4224    
  1.4000       1.1190     -0.79931E-01   21.628       1.1190       1.3143    
  1.6000       1.2789      0.79931E-01   21.578       1.2789       1.2332    
  1.8000       1.4388      0.23979       21.548       1.4388       1.1701    
  2.0000       1.5986      0.39966       21.538       1.5986       1.1197    
cell           64  26.6           1   172800.00    
  0.0000     -0.93761      -1.1990      0.26136       0.0000       10.000    
 0.20000     -0.77832      -1.0391      0.26079      0.15986       5.7412    
 0.40000     -0.61896     -0.87924      0.26028      0.31972       3.4705    
 0.60000     -0.45955     -0.71938      0.25983      0.47959       2.7137    
 0.80000     -0.30008     -0.55952      0.25944      0.63945       2.3352    
  1.0000     -0.14055     -0.39966      0.25911      0.79931       2.1082    
  1.2000      0.19045E-01 -0.23979      0.25884      0.95917       1.9462    
  1.4000      0.17870     -0.79931E-01  0.25863       1.1190       1.7633    
  1.6000      0.33841      0.79931E-01  0.25848       1.2789       1.6262    
  1.8000      0.49818      0.23979      0.25839       1.4388       1.5195    
  2.0000      0.65801      0.39966      0.25836       1.5986       1.4341    
cell           64  26.6           2   216000.00    
  0.0000       0.0000      -1.1990       22.541       0.0000       10.000    
 0.20000      0.15986      -1.0391       22.351      0.15986       5.2068    
 0.40000      0.31972     -0.87924       22.180      0.31972       2.9362    
 0.60000      0.47959     -0.71938       22.030      0.47959       2.1793    
 0.80000      0.63945     -0.55952       21.899      0.63945       1.8009    
  1.0000      0.79931     -0.39966       21.789      0.79931       1.5738    
  1.2000      0.95917     -0.23979       21.699      0.95917       1.4224    
  1.4000       1.1190     -0.79931E-01   21.628       1.1190       1.3143    
  1.6000       1.2789      0.79931E-01   21.578       1.2789       1.2332    
  1.8000       1.4388      0.23979       21.548       1.4388       1.1701    
  2.0000       1.5986      0.39966       21.538       1.5986       1.1197    
cell           65  23.0           1   172800.00    
  0.0000      -1.0240      -1.2707      0.24672       0.0000       10.000    
 0.20000     -0.85512      -1.1013      0.24615      0.16943       6.4707    
 0.40000     -0.68620     -0.93184      0.24564      0.33885       3.9431    
 0.60000     -0.51722     -0.76242      0.24519      0.50828       3.1006    
 0.80000     -0.34819     -0.59299      0.24480      0.67770       2.6793    
  1.0000     -0.17909     -0.42356      0.24447      0.84713       2.4266    
  1.2000     -0.99369E-02 -0.25414      0.24420       1.0166       2.2581    
  1.4000      0.15928     -0.84713E-01  0.24399       1.1860       2.0530    
  1.6000      0.32855      0.84713E-01  0.24384       1.3554       1.8946    
  1.8000      0.49789      0.25414      0.24375       1.5248       1.7714    
  2.0000      0.66729      0.42356      0.24372       1.6943       1.6728    
cell           65  23.0           2   216000.00    
  0.0000       0.0000      -1.2707       21.307       0.0000       10.000    
 0.20000      0.16943      -1.1013       21.116      0.16943       5.8403    
 0.40000      0.33885     -0.93184       20.946      0.33885       3.3127    
 0.60000      0.50828     -0.76242       20.795      0.50828       2.4702    
 0.80000      0.67770     -0.59299       20.665      0.67770       2.0489    
  1.0000      0.84713     -0.42356       20.555      0.84713       1.7962    
  1.2000       1.0166     -0.25414       20.464       1.0166       1.6277    
  1.4000       1.1860     -0.84713E-01   20.394       1.1860       1.5073    
  1.6000       1.3554      0.84713E-01   20.344       1.3554       1.4170    
  1.8000       1.5248      0.25414       20.314       1.5248       1.3468    
  2.0000       1.6943      0.42356       20.304       1.6943       1.2906    
cell           66  16.7           1   172800.00    
  0.0000      -1.1478      -1.3758      0.22802       0.0000       10.000    
 0.20000     -0.96494      -1.1924      0.22745      0.18344       8.6086    
 0.40000     -0.78200      -1.0089      0.22694      0.36689       5.3057    
 0.60000     -0.59901     -0.82550      0.22649      0.55033       4.2047    
 0.80000     -0.41595     -0.64206      0.22610      0.73378       3.6542    
  1.0000     -0.23284     -0.45861      0.22577      0.91722       3.3239    
  1.2000     -0.49663E-01 -0.27517      0.22550       1.1007       3.1037    
  1.4000      0.13357     -0.91722E-01  0.22529       1.2841       2.8537    
  1.6000      0.31687      0.91722E-01  0.22514       1.4676       2.6359    
  1.8000      0.50022      0.27517      0.22505       1.6510       2.4665    
  2.0000      0.68364      0.45861      0.22502       1.8344       2.3310    
cell           66  16.7           2   216000.00    
  0.0000       0.0000      -1.3758       19.730       0.0000       10.000    
 0.20000      0.18344      -1.1924       19.539      0.18344       7.7166    
 0.40000      0.36689      -1.0089       19.369      0.36689       4.4137    
 0.60000      0.55033     -0.82550       19.219      0.55033       3.3128    
 0.80000      0.73378     -0.64206       19.088      0.73378       2.7623    
  1.0000      0.91722     -0.45861       18.978      0.91722       2.4320    
  1.2000       1.1007     -0.27517       18.888       1.1007       2.2118    
  1.4000       1.2841     -0.91722E-01   18.817       1.2841       2.0545    
  1.6000       1.4676      0.91722E-01   18.767       1.4676       1.9365    
  1.8000       1.6510      0.27517       18.737       1.6510       1.8448    
  2.0000       1.8344      0.45861       18.727       1.8344       1.7714    
cell           67   8.0           1   172800.00    
  0.0000      -1.2572      -1.4706      0.21346       0.0000       10.000    
 0.20000      -1.0617      -1.2746      0.21289      0.19609       10.000    
 0.40000     -0.86610      -1.0785      0.21238      0.39217       10.000    
 0.60000     -0.67046     -0.88239      0.21193      0.58826       8.6729    
 0.80000     -0.47477     -0.68630      0.21154      0.78434       7.5735    
  1.0000     -0.27901     -0.49022      0.21121      0.98043       6.9139    
  1.2000     -0.83194E-01 -0.29413      0.21094       1.1765       6.4741    
  1.4000      0.11268     -0.98043E-01  0.21073       1.3726       6.0037    
  1.6000      0.30862      0.98043E-01  0.21058       1.5687       5.5498    
  1.8000      0.50461      0.29413      0.21049       1.7648       5.1967    
  2.0000      0.70067      0.49022      0.21046       1.9609       4.9142    
cell           67   8.0           2   216000.00    
  0.0000       0.0000      -1.4706       18.501       0.0000       10.000    
 0.20000      0.19609      -1.2746       18.311      0.19609       10.000    
 0.40000      0.39217      -1.0785       18.140      0.39217       8.9675    
 0.60000      0.58826     -0.88239       17.990      0.58826       6.7688    
 0.80000      0.78434     -0.68630       17.860      0.78434       5.6694    
  1.0000      0.98043     -0.49022       17.749      0.98043       5.0098    
  1.2000       1.1765     -0.29413       17.659       1.1765       4.5700    
  1.4000       1.3726     -0.98043E-01   17.589       1.3726       4.2559    
  1.6000       1.5687      0.98043E-01   17.539       1.5687       4.0203    
  1.8000       1.7648      0.29413       17.508       1.7648       3.8371    
  2.0000       1.9609      0.49022       17.498       1.9609       3.6905    
cell           68   0.0           1   172800.00    
  0.0000       0.0000       0.0000       0.0000       0.0000       10.000    
 0.20000      0.20004      0.20004       0.0000      0.20004       10.000    
 0.40000      0.40008      0.40008       0.0000      0.40008       10.000    
 0.60000      0.60012      0.60012       0.0000      0.60012       10.000    
 0.80000      0.80016      0.80016       0.0000      0.80016       10.000    
  1.0000       1.0002       1.0002       0.0000       1.0002       10.000    
  1.2000       1.2002       1.2002       0.0000       1.2002       10.000    
  1.4000       1.4003       1.4003       0.0000       1.4003       10.000    
  1.6000       1.6003       1.6003       0.0000       1.6003       10.000    
  1.8000       1.8004       1.8004       0.0000       1.8004       10.000    
  2.0000       2.0004       2.0004       0.0000       2.0004       10.000    
cell           68   0.0           2   216000.00    
  0.0000       0.0000       0.0000       0.0000       0.0000       10.000    
 0.20000      0.20004      0.20004       0.0000      0.20004       10.000    
 0.40000      0.40008      0.40008       0.0000      0.40008       10.000    
 0.60000      0.60012      0.60012       0.0000      0.60012       10.000    
 0.80000      0.80016      0.80016       0.0000      0.80016       10.000    
  1.0000       1.0002       1.0002       0.0000       1.0002       10.000    
  1.2000       1.2002       1.2002       0.0000       1.2002       10.000    
  1.4000       1.4003       1.4003       0.0000       1.4003       10.000    
  1.6000       1.6003       1.6003       0.0000       1.6003       10.000    
  1.8000       1.8004       1.8004       0.0000       1.8004       10.000    
  2.0000       2.0004       2.0004       0.0000       2.0004       10.000    
cell           69   5.7           1   172800.00    
  0.0000      -1.2735      -1.4849      0.21143       0.0000       10.000    
 0.20000      -1.0761      -1.2869      0.21086      0.19799       10.000    
 0.40000     -0.87858      -1.0889      0.21035      0.39597       10.000    
 0.60000     -0.68105     -0.89094      0.20990      0.59396       10.000    
 0.80000     -0.48345     -0.69295      0.20951      0.79195       10.000    
  1.0000     -0.28579     -0.49497      0.20918      0.98994       9.6993    
  1.2000     -0.88075E-01 -0.29698      0.20891       1.1879       9.0861    
  1.4000      0.10970     -0.98994E-01  0.20870       1.3859       8.4358    
  1.6000      0.30754      0.98994E-01  0.20855       1.5839       7.7989    
  1.8000      0.50544      0.29698      0.20846       1.7819       7.3035    
  2.0000      0.70339      0.49497      0.20843       1.9799       6.9071    
cell           69   5.7           2   216000.00    
  0.0000       0.0000      -1.4849       18.330       0.0000       10.000    
 0.20000      0.19799      -1.2869       18.140      0.19799       10.000    
 0.40000      0.39597      -1.0889       17.969      0.39597       10.000    
 0.60000      0.59396     -0.89094       17.819      0.59396       9.4713    
 0.80000      0.79195     -0.69295       17.688      0.79195       7.9381    
  1.0000      0.98994     -0.49497       17.578      0.98994       7.0183    
  1.2000       1.1879     -0.29698       17.488       1.1879       6.4050    
  1.4000       1.3859     -0.98994E-01   17.418       1.3859       5.9670    
  1.6000       1.5839      0.98994E-01   17.367       1.5839       5.6385    
  1.8000       1.7819      0.29698       17.337       1.7819       5.3830    
  2.0000       1.9799      0.49497       17.327       1.9799       5.1786    
cell           70  16.7           1   172800.00    
  0.0000      -1.1478      -1.3758      0.22802       0.0000       10.000    
 0.20000     -0.96494      -1.1924      0.22745      0.18344       8.6086    
 0.40000     -0.78200      -1.0089      0.22694      0.36689       5.3057    
 0.60000     -0.59901     -0.82550      0.22649      0.55033       4.2047    
 0.80000     -0.41595     -0.64206      0.22610      0.73378       3.6542    
  1.0000     -0.23284     -0.45861      0.22577      0.91722       3.3239    
  1.2000     -0.49663E-01 -0.27517      0.22550       1.1007       3.1037    
  1.4000      0.13357     -0.91722E-01  0.22529       1.2841       2.8537    
  1.6000      0.31687      0.91722E-01  0.22514       1.4676       2.6359    
  1.8000      0.50022      0.27517      0.22505       1.6510       2.4665    
  2.0000      0.68364      0.45861      0.22502       1.8344       2.3310    
cell           70  16.7           2   216000.00    
  0.0000       0.0000      -1.3758       17.780       0.0000       10.000    
 0.20000      0.18344      -1.1924       17.608      0.18344       7.7166    
 0.40000      0.36689      -1.0089       17.455      0.36689       4.4137    
 0.60000      0.55033     -0.82550       17.319      0.55033       3.3128    
 0.80000      0.73378     -0.64206       17.202      0.73378       2.7623    
  1.0000      0.91722     -0.45861       17.103      0.91722       2.4320    
  1.2000       1.1007     -0.27517       17.021       1.1007       2.2118    
  1.4000       1.2841     -0.91722E-01   16.958       1.2841       2.0545    
  1.6000       1.4676      0.91722E-01   16.913       1.4676       1.9365    
  1.8000       1.6510      0.27517       16.886       1.6510       1.8448    
  2.0000       1.8344      0.45861       16.877       1.8344       1.7714    
cell           71  26.6           1   172800.00    
  0.0000     -0.93761      -1.1990      0.26136       0.0000       10.000    
 0.20000     -0.77832      -1.0391      0.26079      0.15986       5.7412    
 0.40000     -0.61896     -0.87924      0.26028      0.31972       3.4705    
 0.60000     -0.45955     -0.71938      0.25983      0.47959       2.7137    
 0.80000     -0.30008     -0.55952      0.25944      0.63945       2.3352    
  1.0000     -0.14055     -0.39966      0.25911      0.79931       2.1082    
  1.2000      0.19045E-01 -0.23979      0.25884      0.95917       1.9462    
  1.4000      0.17870     -0.79931E-01  0.25863       1.1190       1.7633    
  1.6000      0.33841      0.79931E-01  0.25848       1.2789       1.6262    
  1.8000      0.49818      0.23979      0.25839       1.4388       1.5195    
  2.0000      0.65801      0.39966      0.25836       1.5986       1.4341    
cell           71  26.6           2   216000.00    
  0.0000       0.0000      -1.1990       22.541       0.0000       10.000    
 0.20000      0.15986      -1.0391       22.351      0.15986       5.2068    
 0.40000      0.31972     -0.87924       22.180      0.31972       2.9362    
 0.60000      0.47959     -0.71938       22.030      0.47959       2.1793    
 0.80000      0.63945     -0.55952       21.899      0.63945       1.8009    
  1.0000      0.79931     -0.39966       21.789      0.79931       1.5738    
  1.2000      0.95917     -0.23979       21.699      0.95917       1.4224    
  1.4000       1.1190     -0.79931E-01   21.628       1.1190       1.3143    
  1.6000       1.2789      0.79931E-01   21.578       1.2789       1.2332    
  1.8000       1.4388      0.23979       21.548       1.4388       1.1701    
  2.0000       1.5986      0.39966       21.538       1.5986       1.1197    
cell           72  21.8           1   172800.00    
  0.0000      -1.0503      -1.2928      0.24253       0.0000       10.000    
 0.20000     -0.87849      -1.1205      0.24196      0.17238       6.7753    
 0.40000     -0.70662     -0.94807      0.24145      0.34475       4.1388    
 0.60000     -0.53469     -0.77570      0.24100      0.51713       3.2599    
 0.80000     -0.36271     -0.60332      0.24061      0.68951       2.8205    
  1.0000     -0.19066     -0.43094      0.24028      0.86189       2.5569    
  1.2000     -0.18553E-01 -0.25857      0.24001       1.0343       2.3811    
  1.4000      0.15361     -0.86189E-01  0.23980       1.2066       2.1704    
  1.6000      0.32584      0.86189E-01  0.23965       1.3790       2.0033    
  1.8000      0.49813      0.25857      0.23956       1.5514       1.8733    
  2.0000      0.67048      0.43094      0.23953       1.7238       1.7693    
cell           72  21.8           2   216000.00    
  0.0000       0.0000      -1.2928       20.954       0.0000       10.000    
 0.20000      0.17238      -1.1205       20.763      0.17238       6.1062    
 0.40000      0.34475     -0.94807       20.593      0.34475       3.4697    
 0.60000      0.51713     -0.77570       20.442      0.51713       2.5909    
 0.80000      0.68951     -0.60332       20.312      0.68951       2.1515    
  1.0000      0.86189     -0.43094       20.201      0.86189       1.8878    
  1.2000       1.0343     -0.25857       20.111       1.0343       1.7121    
  1.4000       1.2066     -0.86189E-01   20.041       1.2066       1.5865    
  1.6000       1.3790      0.86189E-01   19.991       1.3790       1.4924    
  1.8000       1.5514      0.25857       19.961       1.5514       1.4191    
  2.0000       1.7238      0.43094       19.951       1.7238       1.3605    
cell           73  19.5           1   172800.00    
  0.0000      -1.0972      -1.3326      0.23536       0.0000       10.000    
 0.20000     -0.92009      -1.1549      0.23479      0.17767       7.4750    
 0.40000     -0.74293     -0.97721      0.23428      0.35535       4.5859    
 0.60000     -0.56570     -0.79954      0.23383      0.53302       3.6229    
 0.80000     -0.38842     -0.62186      0.23344      0.71070       3.1413    
  1.0000     -0.21107     -0.44419      0.23311      0.88837       2.8524    
  1.2000     -0.33669E-01 -0.26651      0.23284       1.0660       2.6598    
  1.4000      0.14380     -0.88837E-01  0.23263       1.2437       2.4349    
  1.6000      0.32132      0.88837E-01  0.23248       1.4214       2.2482    
  1.8000      0.49890      0.26651      0.23239       1.5991       2.1030    
  2.0000      0.67655      0.44419      0.23236       1.7767       1.9869    
cell           73  19.5           2   216000.00    
  0.0000       0.0000      -1.3326       20.349       0.0000       10.000    
 0.20000      0.17767      -1.1549       20.158      0.17767       6.7193    
 0.40000      0.35535     -0.97721       19.988      0.35535       3.8302    
 0.60000      0.53302     -0.79954       19.837      0.53302       2.8672    
 0.80000      0.71070     -0.62186       19.707      0.71070       2.3857    
  1.0000      0.88837     -0.44419       19.597      0.88837       2.0968    
  1.2000       1.0660     -0.26651       19.506       1.0660       1.9042    
  1.4000       1.2437     -0.88837E-01   19.436       1.2437       1.7666    
  1.6000       1.4214      0.88837E-01   19.386       1.4214       1.6634    
  1.8000       1.5991      0.26651       19.356       1.5991       1.5831    
  2.0000       1.7767      0.44419       19.346       1.7767       1.5189    
cell           74  16.7           1   172800.00    
  0.0000      -1.1478      -1.3758      0.22802       0.0000       10.000    
 0.20000     -0.96494      -1.1924      0.22745      0.18344       8.6086    
 0.40000     -0.78200      -1.0089      0.22694      0.36689       5.3057    
 0.60000     -0.59901     -0.82550      0.22649      0.55033       4.2047    
 0.80000     -0.41595     -0.64206      0.22610      0.73378       3.6542    
  1.0000     -0.23284     -0.45861      0.22577      0.91722       3.3239    
  1.2000     -0.49663E-01 -0.27517      0.22550       1.1007       3.1037    
  1.4000      0.13357     -0.91722E-01  0.22529       1.2841       2.8537    
  1.6000      0.31687      0.91722E-01  0.22514       1.4676       2.6359    
  1.8000      0.50022      0.27517      0.22505       1.6510       2.4665    
  2.0000      0.68364      0.45861      0.22502       1.8344       2.3310    
cell           74  16.7           2   216000.00    
  0.0000       0.0000      -1.3758       19.730       0.0000       10.000    
 0.20000      0.18344      -1.1924       19.539      0.18344       7.7166    
 0.40000      0.36689      -1.0089       19.369      0.36689       4.4137    
 0.60000      0.55033     -0.82550       19.219      0.55033       3.3128    
 0.80000      0.73378     -0.64206       19.088      0.73378       2.7623    
  1.0000      0.91722     -0.45861       18.978      0.91722       2.4320    
  1.2000       1.1007     -0.27517       18.888       1.1007       2.2118    
  1.4000       1.2841     -0.91722E-01   18.817       1.2841       2.0545    
  1.6000       1.4676      0.91722E-01   18.767       1.4676       1.9365    
  1.8000       1.6510      0.27517       18.737       1.6510       1.8448    
  2.0000       1.8344      0.45861       18.727       1.8344       1.7714    
cell           75  16.7           1   172800.00    
  0.0000      -1.1478      -1.3758      0.22802       0.0000       10.000    
 0.20000     -0.96494      -1.1924      0.22745      0.18344       8.6086    
 0.40000     -0.78200      -1.0089      0.22694      0.36689       5.3057    
 0.60000     -0.59901     -0.82550      0.22649      0.55033       4.2047    
 0.80000     -0.41595     -0.64206      0.22610      0.73378       3.6542    
  1.0000     -0.23284     -0.45861      0.22577      0.91722       3.3239    
  1.2000     -0.49663E-01 -0.27517      0.22550       1.1007       3.1037    
  1.4000      0.13357     -0.91722E-01  0.22529       1.2841       2.8537    
  1.6000      0.31687      0.91722E-01  0.22514       1.4676       2.6359    
  1.8000      0.50022      0.27517      0.22505       1.6510       2.4665    
  2.0000      0.68364      0.45861      0.22502       1.8344       2.3310    
cell           75  16.7           2   216000.00    
  0.0000       0.0000      -1.3758       19.730       0.0000       10.000    
 0.20000      0.18344      -1.1924       19.539      0.18344       7.7166    
 0.40000      0.36689      -1.0089       19.369      0.36689       4.4137    
 0.60000      0.55033     -0.82550       19.219      0.55033       3.3128    
 0.80000      0.73378     -0.64206       19.088      0.73378       2.7623    
  1.0000      0.91722     -0.45861       18.978      0.91722       2.4320    
  1.2000       1.1007     -0.27517       18.888       1.1007       2.2118    
  1.4000       1.2841     -0.91722E-01   18.817       1.2841       2.0545    
  1.6000       1.4676      0.91722E-01   18.767       1.4676       1.9365    
  1.8000       1.6510      0.27517       18.737       1.6510       1.8448    
  2.0000       1.8344      0.45861       18.727       1.8344       1.7714    
cell           76   4.0           1   172800.00    
  0.0000      -1.2820      -1.4924      0.21037       0.0000       10.000    
 0.20000      -1.0836      -1.2934      0.20980      0.19899       10.000    
 0.40000     -0.88513      -1.0944      0.20929      0.39797       10.000    
 0.60000     -0.68660     -0.89544      0.20884      0.59696       10.000    
 0.80000     -0.48800     -0.69645      0.20845      0.79595       10.000    
  1.0000     -0.28934     -0.49747      0.20812      0.99493       10.000    
  1.2000     -0.90626E-01 -0.29848      0.20785       1.1939       10.000    
  1.4000      0.10815     -0.99493E-01  0.20764       1.3929       10.000    
  1.6000      0.30699      0.99493E-01  0.20749       1.5919       10.000    
  1.8000      0.50588      0.29848      0.20740       1.7909       10.000    
  2.0000      0.70484      0.49747      0.20737       1.9899       9.8500    
cell           76   4.0           2   216000.00    
  0.0000       0.0000      -1.4924       18.242       0.0000       10.000    
 0.20000      0.19899      -1.2934       18.051      0.19899       10.000    
 0.40000      0.39797      -1.0944       17.880      0.39797       10.000    
 0.60000      0.59696     -0.89544       17.730      0.59696       10.000    
 0.80000      0.79595     -0.69645       17.600      0.79595       10.000    
  1.0000      0.99493     -0.49747       17.489      0.99493       9.9915    
  1.2000       1.1939     -0.29848       17.399       1.1939       9.1205    
  1.4000       1.3929     -0.99493E-01   17.329       1.3929       8.4984    
  1.6000       1.5919      0.99493E-01   17.279       1.5919       8.0319    
  1.8000       1.7909      0.29848       17.249       1.7909       7.6690    
  2.0000       1.9899      0.49747       17.239       1.9899       7.3787    
cell           77   5.7           1   172800.00    
  0.0000      -1.0480      -1.4849      0.43695       0.0000       10.000    
 0.20000     -0.85115      -1.2869      0.43577      0.19799       10.000    
 0.40000     -0.65421      -1.0889      0.43471      0.39597       10.000    
 0.60000     -0.45716     -0.89094      0.43378      0.59396       10.000    
 0.80000     -0.25998     -0.69295      0.43298      0.79195       10.000    
  1.0000     -0.62671E-01 -0.49497      0.43230      0.98994       9.6993    
  1.2000      0.13476     -0.29698      0.43174       1.1879       8.7819    
  1.4000      0.33231     -0.98994E-01  0.43130       1.3859       8.0052    
  1.6000      0.52999      0.98994E-01  0.43099       1.5839       7.4224    
  1.8000      0.72779      0.29698      0.43081       1.7819       6.9690    
  2.0000      0.92571      0.49497      0.43075       1.9799       6.6060    
cell           77   5.7           2   216000.00    
  0.0000       0.0000      -1.4849       18.556       0.0000       10.000    
 0.20000      0.19799      -1.2869       18.365      0.19799       10.000    
 0.40000      0.39597      -1.0889       18.194      0.39597       10.000    
 0.60000      0.59396     -0.89094       18.043      0.59396       9.4713    
 0.80000      0.79195     -0.69295       17.912      0.79195       7.9381    
  1.0000      0.98994     -0.49497       17.801      0.98994       7.0183    
  1.2000       1.1879     -0.29698       17.711       1.1879       6.4050    
  1.4000       1.3859     -0.98994E-01   17.640       1.3859       5.9670    
  1.6000       1.5839      0.98994E-01   17.590       1.5839       5.6385    
  1.8000       1.7819      0.29698       17.560       1.7819       5.3830    
  2.0000       1.9799      0.49497       17.550       1.9799       5.1786    
cell           78   5.7           1   172800.00    
  0.0000      -1.2735      -1.4849      0.21143       0.0000       10.000    
 0.20000      -1.0761      -1.2869      0.21086      0.19799       10.000    
 0.40000     -0.87858      -1.0889      0.21035      0.39597       10.000    
 0.60000     -0.68105     -0.89094      0.20990      0.59396       10.000    
 0.80000     -0.48345     -0.69295      0.20951      0.79195       10.000    
  1.0000     -0.28579     -0.49497      0.20918      0.98994       9.6993    
  1.2000     -0.88075E-01 -0.29698      0.20891       1.1879       9.0861    
  1.4000      0.10970     -0.98994E-01  0.20870       1.3859       8.4358    
  1.6000      0.30754      0.98994E-01  0.20855       1.5839       7.7989    
  1.8000      0.50544      0.29698      0.20846       1.7819       7.3035    
  2.0000      0.70339      0.49497      0.20843       1.9799       6.9071    
cell           78   5.7           2   216000.00    
  0.0000       0.0000      -1.4849       16.518       0.0000       10.000    
 0.20000      0.19799      -1.2869       16.347      0.19799       10.000    
 0.40000      0.39597      -1.0889       16.193      0.39597       10.000    
 0.60000      0.59396     -0.89094       16.058      0.59396       9.4713    
 0.80000      0.79195     -0.69295       15.940      0.79195       7.9381    
  1.0000      0.98994     -0.49497       15.841      0.98994       7.0183    
  1.2000       1.1879     -0.29698       15.760       1.1879       6.4050    
  1.4000       1.3859     -0.98994E-01   15.697       1.3859       5.9670    
  1.6000       1.5839      0.98994E-01   15.651       1.5839       5.6385    
  1.8000       1.7819      0.29698       15.624       1.7819       5.3830    
  2.0000       1.9799      0.49497       15.615       1.9799       5.1786    
cell           79  16.7           1   172800.00    
  0.0000      -1.1478      -1.3758      0.22802       0.0000       10.000    
 0.20000     -0.96494      -1.1924      0.22745      0.18344       8.6086    
 0.40000     -0.78200      -1.0089      0.22694      0.36689       5.3057    
 0.60000     -0.59901     -0.82550      0.22649      0.55033       4.2047    
 0.80000     -0.41595     -0.64206      0.22610      0.73378       3.6542    
  1.0000     -0.23284     -0.45861      0.22577      0.91722       3.3239    
  1.2000     -0.49663E-01 -0.27517      0.22550       1.1007       3.1037    
  1.4000      0.13357     -0.91722E-01  0.22529       1.2841       2.8537    
  1.6000      0.31687      0.91722E-01  0.22514       1.4676       2.6359    
  1.8000      0.50022      0.27517      0.22505       1.6510       2.4665    
  2.0000      0.68364      0.45861      0.22502       1.8344       2.3310    
cell           79  16.7           2   216000.00    
  0.0000       0.0000      -1.3758       17.780       0.0000       10.000    
 0.20000      0.18344      -1.1924       17.608      0.18344       7.7166    
 0.40000      0.36689      -1.0089       17.455      0.36689       4.4137    
 0.60000      0.55033     -0.82550       17.319      0.55033       3.3128    
 0.80000      0.73378     -0.64206       17.202      0.73378       2.7623    
  1.0000      0.91722     -0.45861       17.103      0.91722       2.4320    
  1.2000       1.1007     -0.27517       17.021       1.1007       2.2118    
  1.4000       1.2841     -0.91722E-01   16.958       1.2841       2.0545    
  1.6000       1.4676      0.91722E-01   16.913       1.4676       1.9365    
  1.8000       1.6510      0.27517       16.886       1.6510       1.8448    
  2.0000       1.8344      0.45861       16.877       1.8344       1.7714    
cell           80  19.5           1   172800.00    
  0.0000      -1.0972      -1.3326      0.23536       0.0000       10.000    
 0.20000     -0.92009      -1.1549      0.23479      0.17767       7.4750    
 0.40000     -0.74293     -0.97721      0.23428      0.35535       4.5859    
 0.60000     -0.56570     -0.79954      0.23383      0.53302       3.6229    
 0.80000     -0.38842     -0.62186      0.23344      0.71070       3.1413    
  1.0000     -0.21107     -0.44419      0.23311      0.88837       2.8524    
  1.2000     -0.33669E-01 -0.26651      0.23284       1.0660       2.6598    
  1.4000      0.14380     -0.88837E-01  0.23263       1.2437       2.4349    
  1.6000      0.32132      0.88837E-01  0.23248       1.4214       2.2482    
  1.8000      0.49890      0.26651      0.23239       1.5991       2.1030    
  2.0000      0.67655      0.44419      0.23236       1.7767       1.9869    
cell           80  19.5           2   216000.00    
  0.0000       0.0000      -1.3326       18.338       0.0000       10.000    
 0.20000      0.17767      -1.1549       18.166      0.17767       6.7193    
 0.40000      0.35535     -0.97721       18.013      0.35535       3.8302    
 0.60000      0.53302     -0.79954       17.877      0.53302       2.8672    
 0.80000      0.71070     -0.62186       17.760      0.71070       2.3857    
  1.0000      0.88837     -0.44419       17.660      0.88837       2.0968    
  1.2000       1.0660     -0.26651       17.579       1.0660       1.9042    
  1.4000       1.2437     -0.88837E-01   17.516       1.2437       1.7666    
  1.6000       1.4214      0.88837E-01   17.471       1.4214       1.6634    
  1.8000       1.5991      0.26651       17.444       1.5991       1.5831    
  2.0000       1.7767      0.44419       17.435       1.7767       1.5189    
cell           81  19.5           1   172800.00    
  0.0000      -1.0972      -1.3326      0.23536       0.0000       10.000    
 0.20000     -0.92009      -1.1549      0.23479      0.17767       7.4750    
 0.40000     -0.74293     -0.97721      0.23428      0.35535       4.5859    
 0.60000     -0.56570     -0.79954      0.23383      0.53302       3.6229    
 0.80000     -0.38842     -0.62186      0.23344      0.71070       3.1413    
  1.0000     -0.21107     -0.44419      0.23311      0.88837       2.8524    
  1.2000     -0.33669E-01 -0.26651      0.23284       1.0660       2.6598    
  1.4000      0.14380     -0.88837E-01  0.23263       1.2437       2.4349    
  1.6000      0.32132      0.88837E-01  0.23248       1.4214       2.2482    
  1.8000      0.49890      0.26651      0.23239       1.5991       2.1030    
  2.0000      0.67655      0.44419      0.23236       1.7767       1.9869    
cell           81  19.5           2   216000.00    
  0.0000       0.0000      -1.3326       20.349       0.0000       10.000    
 0.20000      0.17767      -1.1549       20.158      0.17767       6.7193    
 0.40000      0.35535     -0.97721       19.988      0.35535       3.8302    
 0.60000      0.53302     -0.79954       19.837      0.53302       2.8672    
 0.80000      0.71070     -0.62186       19.707      0.71070       2.3857    
  1.0000      0.88837     -0.44419       19.597      0.88837       2.0968    
  1.2000       1.0660     -0.26651       19.506       1.0660       1.9042    
  1.4000       1.2437     -0.88837E-01   19.436       1.2437       1.7666    
  1.6000       1.4214      0.88837E-01   19.386       1.4214       1.6634    
  1.8000       1.5991      0.26651       19.356       1.5991       1.5831    
  2.0000       1.7767      0.44419       19.346       1.7767       1.5189    
cell           82  16.7           1   172800.00    
  0.0000      -1.1478      -1.3758      0.22802       0.0000       10.000    
 0.20000     -0.96494      -1.1924      0.22745      0.18344       8.6086    
 0.40000     -0.78200      -1.0089      0.22694      0.36689       5.3057    
 0.60000     -0.59901     -0.82550      0.22649      0.55033       4.2047    
 0.80000     -0.41595     -0.64206      0.22610      0.73378       3.6542    
  1.0000     -0.23284     -0.45861      0.22577      0.91722       3.3239    
  1.2000     -0.49663E-01 -0.27517      0.22550       1.1007       3.1037    
  1.4000      0.13357     -0.91722E-01  0.22529       1.2841       2.8537    
  1.6000      0.31687      0.91722E-01  0.22514       1.4676       2.6359    
  1.8000      0.50022      0.27517      0.22505       1.6510       2.4665    
  2.0000      0.68364      0.45861      0.22502       1.8344       2.3310    
cell           82  16.7           2   216000.00    
  0.0000       0.0000      -1.3758       19.730       0.0000       10.000    
 0.20000      0.18344      -1.1924       19.539      0.18344       7.7166    
 0.40000      0.36689      -1.0089       19.369      0.36689       4.4137    
 0.60000      0.55033     -0.82550       19.219      0.55033       3.3128    
 0.80000      0.73378     -0.64206       19.088      0.73378       2.7623    
  1.0000      0.91722     -0.45861       18.978      0.91722       2.4320    
  1.2000       1.1007     -0.27517       18.888       1.1007       2.2118    
  1.4000       1.2841     -0.91722E-01   18.817       1.2841       2.0545    
  1.6000       1.4676      0.91722E-01   18.767       1.4676       1.9365    
  1.8000       1.6510      0.27517       18.737       1.6510       1.8448    
  2.0000       1.8344      0.45861       18.727       1.8344       1.7714    
cell           83  16.7           1   172800.00    
  0.0000      -1.1478      -1.3758      0.22802       0.0000       10.000    
 0.20000     -0.96494      -1.1924      0.22745      0.18344       8.6086    
 0.40000     -0.78200      -1.0089      0.22694      0.36689       5.3057    
 0.60000     -0.59901     -0.82550      0.22649      0.55033       4.2047    
 0.80000     -0.41595     -0.64206      0.22610      0.73378       3.6542    
  1.0000     -0.23284     -0.45861      0.22577      0.91722       3.3239    
  1.2000     -0.49663E-01 -0.27517      0.22550       1.1007       3.1037    
  1.4000      0.13357     -0.91722E-01  0.22529       1.2841       2.8537    
  1.6000      0.31687      0.91722E-01  0.22514       1.4676       2.6359    
  1.8000      0.50022      0.27517      0.22505       1.6510       2.4665    
  2.0000      0.68364      0.45861      0.22502       1.8344       2.3310    
cell           83  16.7           2   216000.00    
  0.0000       0.0000      -1.3758       19.730       0.0000       10.000    
 0.20000      0.18344      -1.1924       19.539      0.18344       7.7166    
 0.40000      0.36689      -1.0089       19.369      0.36689       4.4137    
 0.60000      0.55033     -0.82550       19.219      0.55033       3.3128    
 0.80000      0.73378     -0.64206       19.088      0.73378       2.7623    
  1.0000      0.91722     -0.45861       18.978      0.91722       2.4320    
  1.2000       1.1007     -0.27517       18.888       1.1007       2.2118    
  1.4000       1.2841     -0.91722E-01   18.817       1.2841       2.0545    
  1.6000       1.4676      0.91722E-01   18.767       1.4676       1.9365    
  1.8000       1.6510      0.27517       18.737       1.6510       1.8448    
  2.0000       1.8344      0.45861       18.727       1.8344       1.7714    
cell           84   5.7           1   172800.00    
  0.0000      -1.2735      -1.4849      0.21143       0.0000       10.000    
 0.20000      -1.0761      -1.2869      0.21086      0.19799       10.000    
 0.40000     -0.87858      -1.0889      0.21035      0.39597       10.000    
 0.60000     -0.68105     -0.89094      0.20990      0.59396       10.000    
 0.80000     -0.48345     -0.69295      0.20951      0.79195       10.000    
  1.0000     -0.28579     -0.49497      0.20918      0.98994       9.6993    
  1.2000     -0.88075E-01 -0.29698      0.20891       1.1879       9.0861    
  1.4000      0.10970     -0.98994E-01  0.20870       1.3859       8.4358    
  1.6000      0.30754      0.98994E-01  0.20855       1.5839       7.7989    
  1.8000      0.50544      0.29698      0.20846       1.7819       7.3035    
  2.0000      0.70339      0.49497      0.20843       1.9799       6.9071    
cell           84   5.7           2   216000.00    
  0.0000       0.0000      -1.4849       18.330       0.0000       10.000    
 0.20000      0.19799      -1.2869       18.140      0.19799       10.000    
 0.40000      0.39597      -1.0889       17.969      0.39597       10.000    
 0.60000      0.59396     -0.89094       17.819      0.59396       9.4713    
 0.80000      0.79195     -0.69295       17.688      0.79195       7.9381    
  1.0000      0.98994     -0.49497       17.578      0.98994       7.0183    
  1.2000       1.1879     -0.29698       17.488       1.1879       6.4050    
  1.4000       1.3859     -0.98994E-01   17.418       1.3859       5.9670    
  1.6000       1.5839      0.98994E-01   17.367       1.5839       5.6385    
  1.8000       1.7819      0.29698       17.337       1.7819       5.3830    
  2.0000       1.9799      0.49497       17.327       1.9799       5.1786    
cell           85   0.0           1   172800.00    
  0.0000      -1.2903      -1.4997      0.20936       0.0000       10.000    
 0.20000      -1.0909      -1.2997      0.20879      0.19996       10.000    
 0.40000     -0.89150      -1.0998      0.20828      0.39992       10.000    
 0.60000     -0.69199     -0.89982      0.20783      0.59988       10.000    
 0.80000     -0.49242     -0.69986      0.20744      0.79984       10.000    
  1.0000     -0.29279     -0.49990      0.20711      0.99980       10.000    
  1.2000     -0.93100E-01 -0.29994      0.20684       1.1998       10.000    
  1.4000      0.10665     -0.99980E-01  0.20663       1.3997       10.000    
  1.6000      0.30646      0.99980E-01  0.20648       1.5997       10.000    
  1.8000      0.50633      0.29994      0.20639       1.7996       10.000    
  2.0000      0.70626      0.49990      0.20636       1.9996       10.000    
cell           85   0.0           2   216000.00    
  0.0000       0.0000      -1.4997       18.156       0.0000       10.000    
 0.20000      0.19996      -1.2997       17.965      0.19996       10.000    
 0.40000      0.39992      -1.0998       17.795      0.39992       10.000    
 0.60000      0.59988     -0.89982       17.644      0.59988       10.000    
 0.80000      0.79984     -0.69986       17.514      0.79984       10.000    
  1.0000      0.99980     -0.49990       17.404      0.99980       10.000    
  1.2000       1.1998     -0.29994       17.314       1.1998       10.000    
  1.4000       1.3997     -0.99980E-01   17.243       1.3997       10.000    
  1.6000       1.5997      0.99980E-01   17.193       1.5997       10.000    
  1.8000       1.7996      0.29994       17.163       1.7996       10.000    
  2.0000       1.9996      0.49990       17.153       1.9996       10.000    
cell           86   5.7           1   172800.00    
  0.0000      -1.2735      -1.4849      0.21143       0.0000       10.000    
 0.20000      -1.0761      -1.2869      0.21086      0.19799       10.000    
 0.40000     -0.87858      -1.0889      0.21035      0.39597       10.000    
 0.60000     -0.68105     -0.89094      0.20990      0.59396       10.000    
 0.80000     -0.48345     -0.69295      0.20951      0.79195       10.000    
  1.0000     -0.28579     -0.49497      0.20918      0.98994       9.6993    
  1.2000     -0.88075E-01 -0.29698      0.20891       1.1879       9.0861    
  1.4000      0.10970     -0.98994E-01  0.20870       1.3859       8.4358    
  1.6000      0.30754      0.98994E-01  0.20855       1.5839       7.7989    
  1.8000      0.50544      0.29698      0.20846       1.7819       7.3035    
  2.0000      0.70339      0.49497      0.20843       1.9799       6.9071    
cell           86   5.7           2   216000.00    
  0.0000       0.0000      -1.4849       16.518       0.0000       10.000    
 0.20000      0.19799      -1.2869       16.347      0.19799       10.000    
 0.40000      0.39597      -1.0889       16.193      0.39597       10.000    
 0.60000      0.59396     -0.89094       16.058      0.59396       9.4713    
 0.80000      0.79195     -0.69295       15.940      0.79195       7.9381    
  1.0000      0.98994     -0.49497       15.841      0.98994       7.0183    
  1.2000       1.1879     -0.29698       15.760       1.1879       6.4050    
  1.4000       1.3859     -0.98994E-01   15.697       1.3859       5.9670    
  1.6000       1.5839      0.98994E-01   15.651       1.5839       5.6385    
  1.8000       1.7819      0.29698       15.624       1.7819       5.3830    
  2.0000       1.9799      0.49497       15.615       1.9799       5.1786    
cell           87  11.3           1   172800.00    
  0.0000      -1.2245      -1.4421      0.21764       0.0000       10.000    
 0.20000      -1.0328      -1.2498      0.21707      0.19228       10.000    
 0.40000     -0.84099      -1.0575      0.21656      0.38456       7.7382    
 0.60000     -0.64916     -0.86526      0.21611      0.57684       6.1612    
 0.80000     -0.45726     -0.67298      0.21572      0.76912       5.3726    
  1.0000     -0.26531     -0.48070      0.21539      0.96141       4.8995    
  1.2000     -0.73302E-01 -0.28842      0.21512       1.1537       4.5841    
  1.4000      0.11877     -0.96141E-01  0.21491       1.3460       4.2406    
  1.6000      0.31090      0.96141E-01  0.21476       1.5382       3.9191    
  1.8000      0.50309      0.28842      0.21467       1.7305       3.6691    
  2.0000      0.69534      0.48070      0.21464       1.9228       3.4690    
cell           87  11.3           2   216000.00    
  0.0000       0.0000      -1.4421       16.991       0.0000       10.000    
 0.20000      0.19228      -1.2498       16.819      0.19228       10.000    
 0.40000      0.38456      -1.0575       16.666      0.38456       6.3990    
 0.60000      0.57684     -0.86526       16.530      0.57684       4.8219    
 0.80000      0.76912     -0.67298       16.413      0.76912       4.0334    
  1.0000      0.96141     -0.48070       16.313      0.96141       3.5603    
  1.2000       1.1537     -0.28842       16.232       1.1537       3.2449    
  1.4000       1.3460     -0.96141E-01   16.169       1.3460       3.0196    
  1.6000       1.5382      0.96141E-01   16.124       1.5382       2.8506    
  1.8000       1.7305      0.28842       16.097       1.7305       2.7192    
  2.0000       1.9228      0.48070       16.088       1.9228       2.6140    
cell           88  16.7           1   172800.00    
  0.0000      -1.1478      -1.3758      0.22802       0.0000       10.000    
 0.20000     -0.96494      -1.1924      0.22745      0.18344       8.6086    
 0.40000     -0.78200      -1.0089      0.22694      0.36689       5.3057    
 0.60000     -0.59901     -0.82550      0.22649      0.55033       4.2047    
 0.80000     -0.41595     -0.64206      0.22610      0.73378       3.6542    
  1.0000     -0.23284     -0.45861      0.22577      0.91722       3.3239    
  1.2000     -0.49663E-01 -0.27517      0.22550       1.1007       3.1037    
  1.4000      0.13357     -0.91722E-01  0.22529       1.2841       2.8537    
  1.6000      0.31687      0.91722E-01  0.22514       1.4676       2.6359    
  1.8000      0.50022      0.27517      0.22505       1.6510       2.4665    
  2.0000      0.68364      0.45861      0.22502       1.8344       2.3310    
cell           88  16.7           2   216000.00    
  0.0000       0.0000      -1.3758       17.780       0.0000       10.000    
 0.20000      0.18344      -1.1924       17.608      0.18344       7.7166    
 0.40000      0.36689      -1.0089       17.455      0.36689       4.4137    
 0.60000      0.55033     -0.82550       17.319      0.55033       3.3128    
 0.80000      0.73378     -0.64206       17.202      0.73378       2.7623    
  1.0000      0.91722     -0.45861       17.103      0.91722       2.4320    
  1.2000       1.1007     -0.27517       17.021       1.1007       2.2118    
  1.4000       1.2841     -0.91722E-01   16.958       1.2841       2.0545    
  1.6000       1.4676      0.91722E-01   16.913       1.4676       1.9365    
  1.8000       1.6510      0.27517       16.886       1.6510       1.8448    
  2.0000       1.8344      0.45861       16.877       1.8344       1.7714    
cell           89  23.0           1   172800.00    
  0.0000      -1.0240      -1.2707      0.24672       0.0000       10.000    
 0.20000     -0.85512      -1.1013      0.24615      0.16943       6.4707    
 0.40000     -0.68620     -0.93184      0.24564      0.33885       3.9431    
 0.60000     -0.51722     -0.76242      0.24519      0.50828       3.1006    
 0.80000     -0.34819     -0.59299      0.24480      0.67770       2.6793    
  1.0000     -0.17909     -0.42356      0.24447      0.84713       2.4266    
  1.2000     -0.99369E-02 -0.25414      0.24420       1.0166       2.2581    
  1.4000      0.15928     -0.84713E-01  0.24399       1.1860       2.0530    
  1.6000      0.32855      0.84713E-01  0.24384       1.3554       1.8946    
  1.8000      0.49789      0.25414      0.24375       1.5248       1.7714    
  2.0000      0.66729      0.42356      0.24372       1.6943       1.6728    
cell           89  23.0           2   216000.00    
  0.0000       0.0000      -1.2707       19.201       0.0000       10.000    
 0.20000      0.16943      -1.1013       19.029      0.16943       5.8403    
 0.40000      0.33885     -0.93184       18.876      0.33885       3.3127    
 0.60000      0.50828     -0.76242       18.740      0.50828       2.4702    
 0.80000      0.67770     -0.59299       18.623      0.67770       2.0489    
  1.0000      0.84713     -0.42356       18.524      0.84713       1.7962    
  1.2000       1.0166     -0.25414       18.442       1.0166       1.6277    
  1.4000       1.1860     -0.84713E-01   18.379       1.1860       1.5073    
  1.6000       1.3554      0.84713E-01   18.334       1.3554       1.4170    
  1.8000       1.5248      0.25414       18.307       1.5248       1.3468    
  2.0000       1.6943      0.42356       18.298       1.6943       1.2906    
cell           90  19.5           1   172800.00    
  0.0000      -1.0972      -1.3326      0.23536       0.0000       10.000    
 0.20000     -0.92009      -1.1549      0.23479      0.17767       7.4750    
 0.40000     -0.74293     -0.97721      0.23428      0.35535       4.5859    
 0.60000     -0.56570     -0.79954      0.23383      0.53302       3.6229    
 0.80000     -0.38842     -0.62186      0.23344      0.71070       3.1413    
  1.0000     -0.21107     -0.44419      0.23311      0.88837       2.8524    
  1.2000     -0.33669E-01 -0.26651      0.23284       1.0660       2.6598    
  1.4000      0.14380     -0.88837E-01  0.23263       1.2437       2.4349    
  1.6000      0.32132      0.88837E-01  0.23248       1.4214       2.2482    
  1.8000      0.49890      0.26651      0.23239       1.5991       2.1030    
  2.0000      0.67655      0.44419      0.23236       1.7767       1.9869    
cell           90  19.5           2   216000.00    
  0.0000       0.0000      -1.3326       18.338       0.0000       10.000    
 0.20000      0.17767      -1.1549       18.166      0.17767       6.7193    
 0.40000      0.35535     -0.97721       18.013      0.35535       3.8302    
 0.60000      0.53302     -0.79954       17.877      0.53302       2.8672    
 0.80000      0.71070     -0.62186       17.760      0.71070       2.3857    
  1.0000      0.88837     -0.44419       17.660      0.88837       2.0968    
  1.2000       1.0660     -0.26651       17.579       1.0660       1.9042    
  1.4000       1.2437     -0.88837E-01   17.516       1.2437       1.7666    
  1.6000       1.4214      0.88837E-01   17.471       1.4214       1.6634    
  1.8000       1.5991      0.26651       17.444       1.5991       1.5831    
  2.0000       1.7767      0.44419       17.435       1.7767       1.5189    
cell           91  11.3           1   172800.00    
  0.0000      -1.2245      -1.4421      0.21764       0.0000       10.000    
 0.20000      -1.0328      -1.2498      0.21707      0.19228       10.000    
 0.40000     -0.84099      -1.0575      0.21656      0.38456       7.7382    
 0.60000     -0.64916     -0.86526      0.21611      0.57684       6.1612    
 0.80000     -0.45726     -0.67298      0.21572      0.76912       5.3726    
  1.0000     -0.26531     -0.48070      0.21539      0.96141       4.8995    
  1.2000     -0.73302E-01 -0.28842      0.21512       1.1537       4.5841    
  1.4000      0.11877     -0.96141E-01  0.21491       1.3460       4.2406    
  1.6000      0.31090      0.96141E-01  0.21476       1.5382       3.9191    
  1.8000      0.50309      0.28842      0.21467       1.7305       3.6691    
  2.0000      0.69534      0.48070      0.21464       1.9228       3.4690    
cell           91  11.3           2   216000.00    
  0.0000       0.0000      -1.4421       17.855       0.0000       10.000    
 0.20000      0.19228      -1.2498       17.675      0.19228       10.000    
 0.40000      0.38456      -1.0575       17.513      0.38456       6.3990    
 0.60000      0.57684     -0.86526       17.371      0.57684       4.8219    
 0.80000      0.76912     -0.67298       17.247      0.76912       4.0334    
  1.0000      0.96141     -0.48070       17.143      0.96141       3.5603    
  1.2000       1.1537     -0.28842       17.058       1.1537       3.2449    
  1.4000       1.3460     -0.96141E-01   16.991       1.3460       3.0196    
  1.6000       1.5382      0.96141E-01   16.944       1.5382       2.8506    
  1.8000       1.7305      0.28842       16.915       1.7305       2.7192    
  2.0000       1.9228      0.48070       16.906       1.9228       2.6140    
cell           92   5.7           1   172800.00    
  0.0000      -1.2735      -1.4849      0.21143       0.0000       10.000    
 0.20000      -1.0761      -1.2869      0.21086      0.19799       10.000    
 0.40000     -0.87858      -1.0889      0.21035      0.39597       10.000    
 0.60000     -0.68105     -0.89094      0.20990      0.59396       10.000    
 0.80000     -0.48345     -0.69295      0.20951      0.79195       10.000    
  1.0000     -0.28579     -0.49497      0.20918      0.98994       9.6993    
  1.2000     -0.88075E-01 -0.29698      0.20891       1.1879       9.0861    
  1.4000      0.10970     -0.98994E-01  0.20870       1.3859       8.4358    
  1.6000      0.30754      0.98994E-01  0.20855       1.5839       7.7989    
  1.8000      0.50544      0.29698      0.20846       1.7819       7.3035    
  2.0000      0.70339      0.49497      0.20843       1.9799       6.9071    
cell           92   5.7           2   216000.00    
  0.0000       0.0000      -1.4849       18.330       0.0000       10.000    
 0.20000      0.19799      -1.2869       18.140      0.19799       10.000    
 0.40000      0.39597      -1.0889       17.969      0.39597       10.000    
 0.60000      0.59396     -0.89094       17.819      0.59396       9.4713    
 0.80000      0.79195     -0.69295       17.688      0.79195       7.9381    
  1.0000      0.98994     -0.49497       17.578      0.98994       7.0183    
  1.2000       1.1879     -0.29698       17.488       1.1879       6.4050    
  1.4000       1.3859     -0.98994E-01   17.418       1.3859       5.9670    
  1.6000       1.5839      0.98994E-01   17.367       1.5839       5.6385    
  1.8000       1.7819      0.29698       17.337       1.7819       5.3830    
  2.0000       1.9799      0.49497       17.327       1.9799       5.1786    
cell           93   0.0           1   172800.00    
  0.0000      -1.2903      -1.4997      0.20936       0.0000       10.000    
 0.20000      -1.0909      -1.2997      0.20879      0.19996       10.000    
 0.40000     -0.89150      -1.0998      0.20828      0.39992       10.000    
 0.60000     -0.69199     -0.89982      0.20783      0.59988       10.000    
 0.80000     -0.49242     -0.69986      0.20744      0.79984       10.000    
  1.0000     -0.29279     -0.49990      0.20711      0.99980       10.000    
  1.2000     -0.93100E-01 -0.29994      0.20684       1.1998       10.000    
  1.4000      0.10665     -0.99980E-01  0.20663       1.3997       10.000    
  1.6000      0.30646      0.99980E-01  0.20648       1.5997       10.000    
  1.8000      0.50633      0.29994      0.20639       1.7996       10.000    
  2.0000      0.70626      0.49990      0.20636       1.9996       10.000    
cell           93   0.0           2   216000.00    
  0.0000       0.0000      -1.4997       18.156       0.0000       10.000    
 0.20000      0.19996      -1.2997       17.965      0.19996       10.000    
 0.40000      0.39992      -1.0998       17.795      0.39992       10.000    
 0.60000      0.59988     -0.89982       17.644      0.59988       10.000    
 0.80000      0.79984     -0.69986       17.514      0.79984       10.000    
  1.0000      0.99980     -0.49990       17.404      0.99980       10.000    
  1.2000       1.1998     -0.29994       17.314       1.1998       10.000    
  1.4000       1.3997     -0.99980E-01   17.243       1.3997       10.000    
  1.6000       1.5997      0.99980E-01   17.193       1.5997       10.000    
  1.8000       1.7996      0.29994       17.163       1.7996       10.000    
  2.0000       1.9996      0.49990       17.153       1.9996       10.000    
cell           94   0.0           1   172800.00    
  0.0000      -1.2903      -1.4997      0.20936       0.0000       10.000    
 0.20000      -1.0909      -1.2997      0.20879      0.19996       10.000    
 0.40000     -0.89150      -1.0998      0.20828      0.39992       10.000    
 0.60000     -0.69199     -0.89982      0.20783      0.59988       10.000    
 0.80000     -0.49242     -0.69986      0.20744      0.79984       10.000    
  1.0000     -0.29279     -0.49990      0.20711      0.99980       10.000    
  1.2000     -0.93100E-01 -0.29994      0.20684       1.1998       10.000    
  1.4000      0.10665     -0.99980E-01  0.20663       1.3997       10.000    
  1.6000      0.30646      0.99980E-01  0.20648       1.5997       10.000    
  1.8000      0.50633      0.29994      0.20639       1.7996       10.000    
  2.0000      0.70626      0.49990      0.20636       1.9996       10.000    
cell           94   0.0           2   216000.00    
  0.0000       0.0000      -1.4997       18.156       0.0000       10.000    
 0.20000      0.19996      -1.2997       17.965      0.19996       10.000    
 0.40000      0.39992      -1.0998       17.795      0.39992       10.000    
 0.60000      0.59988     -0.89982       17.644      0.59988       10.000    
 0.80000      0.79984     -0.69986       17.514      0.79984       10.000    
  1.0000      0.99980     -0.49990       17.404      0.99980       10.000    
  1.2000       1.1998     -0.29994       17.314       1.1998       10.000    
  1.4000       1.3997     -0.99980E-01   17.243       1.3997       10.000    
  1.6000       1.5997      0.99980E-01   17.193       1.5997       10.000    
  1.8000       1.7996      0.29994       17.163       1.7996       10.000    
  2.0000       1.9996      0.49990       17.153       1.9996       10.000    
cell           95   5.7           1   172800.00    
  0.0000      -1.2735      -1.4849      0.21143       0.0000       10.000    
 0.20000      -1.0761      -1.2869      0.21086      0.19799       10.000    
 0.40000     -0.87858      -1.0889      0.21035      0.39597       10.000    
 0.60000     -0.68105     -0.89094      0.20990      0.59396       10.000    
 0.80000     -0.48345     -0.69295      0.20951      0.79195       10.000    
  1.0000     -0.28579     -0.49497      0.20918      0.98994       9.6993    
  1.2000     -0.88075E-01 -0.29698      0.20891       1.1879       9.0861    
  1.4000      0.10970     -0.98994E-01  0.20870       1.3859       8.4358    
  1.6000      0.30754      0.98994E-01  0.20855       1.5839       7.7989    
  1.8000      0.50544      0.29698      0.20846       1.7819       7.3035    
  2.0000      0.70339      0.49497      0.20843       1.9799       6.9071    
cell           95   5.7           2   216000.00    
  0.0000       0.0000      -1.4849       16.518       0.0000       10.000    
 0.20000      0.19799      -1.2869       16.347      0.19799       10.000    
 0.40000      0.39597      -1.0889       16.193      0.39597       10.000    
 0.60000      0.59396     -0.89094       16.058      0.59396       9.4713    
 0.80000      0.79195     -0.69295       15.940      0.79195       7.9381    
  1.0000      0.98994     -0.49497       15.841      0.98994       7.0183    
  1.2000       1.1879     -0.29698       15.760       1.1879       6.4050    
  1.4000       1.3859     -0.98994E-01   15.697       1.3859       5.9670    
  1.6000       1.5839      0.98994E-01   15.651       1.5839       5.6385    
  1.8000       1.7819      0.29698       15.624       1.7819       5.3830    
  2.0000       1.9799      0.49497       15.615       1.9799       5.1786    
cell           96  12.0           1   172800.00    
  0.0000      -1.2161      -1.4349      0.21873       0.0000       10.000    
 0.20000      -1.0254      -1.2435      0.21816      0.19131       10.000    
 0.40000     -0.83458      -1.0522      0.21765      0.38263       7.2970    
 0.60000     -0.64372     -0.86092      0.21720      0.57394       5.8069    
 0.80000     -0.45279     -0.66960      0.21681      0.76526       5.0619    
  1.0000     -0.26181     -0.47829      0.21648      0.95657       4.6149    
  1.2000     -0.70763E-01 -0.28697      0.21621       1.1479       4.3169    
  1.4000      0.12034     -0.95657E-01  0.21600       1.3392       3.9909    
  1.6000      0.31151      0.95657E-01  0.21585       1.5305       3.6881    
  1.8000      0.50273      0.28697      0.21576       1.7218       3.4526    
  2.0000      0.69401      0.47829      0.21573       1.9131       3.2642    
cell           96  12.0           2   216000.00    
  0.0000       0.0000      -1.4349       17.073       0.0000       10.000    
 0.20000      0.19131      -1.2435       16.902      0.19131       10.000    
 0.40000      0.38263      -1.0522       16.748      0.38263       6.0380    
 0.60000      0.57394     -0.86092       16.613      0.57394       4.5480    
 0.80000      0.76526     -0.66960       16.495      0.76526       3.8030    
  1.0000      0.95657     -0.47829       16.396      0.95657       3.3559    
  1.2000       1.1479     -0.28697       16.315       1.1479       3.0579    
  1.4000       1.3392     -0.95657E-01   16.252       1.3392       2.8451    
  1.6000       1.5305      0.95657E-01   16.206       1.5305       2.6854    
  1.8000       1.7218      0.28697       16.179       1.7218       2.5612    
  2.0000       1.9131      0.47829       16.170       1.9131       2.4619    
cell           97  19.5           1   172800.00    
  0.0000      -1.0972      -1.3326      0.23536       0.0000       10.000    
 0.20000     -0.92009      -1.1549      0.23479      0.17767       7.4750    
 0.40000     -0.74293     -0.97721      0.23428      0.35535       4.5859    
 0.60000     -0.56570     -0.79954      0.23383      0.53302       3.6229    
 0.80000     -0.38842     -0.62186      0.23344      0.71070       3.1413    
  1.0000     -0.21107     -0.44419      0.23311      0.88837       2.8524    
  1.2000     -0.33669E-01 -0.26651      0.23284       1.0660       2.6598    
  1.4000      0.14380     -0.88837E-01  0.23263       1.2437       2.4349    
  1.6000      0.32132      0.88837E-01  0.23248       1.4214       2.2482    
  1.8000      0.49890      0.26651      0.23239       1.5991       2.1030    
  2.0000      0.67655      0.44419      0.23236       1.7767       1.9869    
cell           97  19.5           2   216000.00    
  0.0000       0.0000      -1.3326       18.338       0.0000       10.000    
 0.20000      0.17767      -1.1549       18.166      0.17767       6.7193    
 0.40000      0.35535     -0.97721       18.013      0.35535       3.8302    
 0.60000      0.53302     -0.79954       17.877      0.53302       2.8672    
 0.80000      0.71070     -0.62186       17.760      0.71070       2.3857    
  1.0000      0.88837     -0.44419       17.660      0.88837       2.0968    
  1.2000       1.0660     -0.26651       17.579       1.0660       1.9042    
  1.4000       1.2437     -0.88837E-01   17.516       1.2437       1.7666    
  1.6000       1.4214      0.88837E-01   17.471       1.4214       1.6634    
  1.8000       1.5991      0.26651       17.444       1.5991       1.5831    
  2.0000       1.7767      0.44419       17.435       1.7767       1.5189    
cell           98  23.0           1   172800.00    
  0.0000      -1.0240      -1.2707      0.24672       0.0000       10.000    
 0.20000     -0.85512      -1.1013      0.24615      0.16943       6.4707    
 0.40000     -0.68620     -0.93184      0.24564      0.33885       3.9431    
 0.60000     -0.51722     -0.76242      0.24519      0.50828       3.1006    
 0.80000     -0.34819     -0.59299      0.24480      0.67770       2.6793    
  1.0000     -0.17909     -0.42356      0.24447      0.84713       2.4266    
  1.2000     -0.99369E-02 -0.25414      0.24420       1.0166       2.2581    
  1.4000      0.15928     -0.84713E-01  0.24399       1.1860       2.0530    
  1.6000      0.32855      0.84713E-01  0.24384       1.3554       1.8946    
  1.8000      0.49789      0.25414      0.24375       1.5248       1.7714    
  2.0000      0.66729      0.42356      0.24372       1.6943       1.6728    
cell           98  23.0           2   216000.00    
  0.0000       0.0000      -1.2707       19.201       0.0000       10.000    
 0.20000      0.16943      -1.1013       19.029      0.16943       5.8403    
 0.40000      0.33885     -0.93184       18.876      0.33885       3.3127    
 0.60000      0.50828     -0.76242       18.740      0.50828       2.4702    
 0.80000      0.67770     -0.59299       18.623      0.67770       2.0489    
  1.0000      0.84713     -0.42356       18.524      0.84713       1.7962    
  1.2000       1.0166     -0.25414       18.442       1.0166       1.6277    
  1.4000       1.1860     -0.84713E-01   18.379       1.1860       1.5073    
  1.6000       1.3554      0.84713E-01   18.334       1.3554       1.4170    
  1.8000       1.5248      0.25414       18.307       1.5248       1.3468    
  2.0000       1.6943      0.42356       18.298       1.6943       1.2906    
cell           99  23.0           1   172800.00    
  0.0000      -1.0240      -1.2707      0.24672       0.0000       10.000    
 0.20000     -0.85512      -1.1013      0.24615      0.16943       6.4707    
 0.40000     -0.68620     -0.93184      0.24564      0.33885       3.9431    
 0.60000     -0.51722     -0.76242      0.24519      0.50828       3.1006    
 0.80000     -0.34819     -0.59299      0.24480      0.67770       2.6793    
  1.0000     -0.17909     -0.42356      0.24447      0.84713       2.4266    
  1.2000     -0.99369E-02 -0.25414      0.24420       1.0166       2.2581    
  1.4000      0.15928     -0.84713E-01  0.24399       1.1860       2.0530    
  1.6000      0.32855      0.84713E-01  0.24384       1.3554       1.8946    
  1.8000      0.49789      0.25414      0.24375       1.5248       1.7714    
  2.0000      0.66729      0.42356      0.24372       1.6943       1.6728    
cell           99  23.0           2   216000.00    
  0.0000       0.0000      -1.2707       19.201       0.0000       10.000    
 0.20000      0.16943      -1.1013       19.029      0.16943       5.8403    
 0.40000      0.33885     -0.93184       18.876      0.33885       3.3127    
 0.60000      0.50828     -0.76242       18.740      0.50828       2.4702    
 0.80000      0.67770     -0.59299       18.623      0.67770       2.0489    
  1.0000      0.84713     -0.42356       18.524      0.84713       1.7962    
  1.2000       1.0166     -0.25414       18.442       1.0166       1.6277    
  1.4000       1.1860     -0.84713E-01   18.379       1.1860       1.5073    
  1.6000       1.3554      0.84713E-01   18.334       1.3554       1.4170    
  1.8000       1.5248      0.25414       18.307       1.5248       1.3468    
  2.0000       1.6943      0.42356       18.298       1.6943       1.2906    
cell          100  26.6           1   172800.00    
  0.0000     -0.93761      -1.1990      0.26136       0.0000       10.000    
 0.20000     -0.77832      -1.0391      0.26079      0.15986       5.7412    
 0.40000     -0.61896     -0.87924      0.26028      0.31972       3.4705    
 0.60000     -0.45955     -0.71938      0.25983      0.47959       2.7137    
 0.80000     -0.30008     -0.55952      0.25944      0.63945       2.3352    
  1.0000     -0.14055     -0.39966      0.25911      0.79931       2.1082    
  1.2000      0.19045E-01 -0.23979      0.25884      0.95917       1.9462    
  1.4000      0.17870     -0.79931E-01  0.25863       1.1190       1.7633    
  1.6000      0.33841      0.79931E-01  0.25848       1.2789       1.6262    
  1.8000      0.49818      0.23979      0.25839       1.4388       1.5195    
  2.0000      0.65801      0.39966      0.25836       1.5986       1.4341    
cell          100  26.6           2   216000.00    
  0.0000       0.0000      -1.1990       20.313       0.0000       10.000    
 0.20000      0.15986      -1.0391       20.142      0.15986       5.2068    
 0.40000      0.31972     -0.87924       19.988      0.31972       2.9362    
 0.60000      0.47959     -0.71938       19.853      0.47959       2.1793    
 0.80000      0.63945     -0.55952       19.735      0.63945       1.8009    
  1.0000      0.79931     -0.39966       19.636      0.79931       1.5738    
  1.2000      0.95917     -0.23979       19.555      0.95917       1.4224    
  1.4000       1.1190     -0.79931E-01   19.491       1.1190       1.3143    
  1.6000       1.2789      0.79931E-01   19.446       1.2789       1.2332    
  1.8000       1.4388      0.23979       19.419       1.4388       1.1701    
  2.0000       1.5986      0.39966       19.410       1.5986       1.1197    
